"Sr.","Stock Name","Symbol","Links","% Chg","Price","Volume"
"417","National Aluminium Company Limited","NATIONALUM","P&F | F.A","11.91%","246.06","7,28,40,735"
"126","Muthoot Finance Limited","MUTHOOTFIN","P&F | F.A","7.77%","1913.8","25,13,550"
"322","Swan Energy Limited","SWANENERGY","P&F | F.A","6.88%","546.1","51,39,190"
"237","Godrej Industries Limited","GODREJIND","P&F | F.A","5.38%","982.1","3,47,253"
"254","Aegis Logistics Ltd","AEGISLOG","P&F | F.A","5.3%","847.7","7,43,864"
"296","Hindalco Industries Limited","HINDALCO","P&F | F.A","5.17%","659.8","87,49,145"
"174","The Phoenix Mills Limited","PHOENIXLTD","P&F | F.A","5.1%","1469.25","6,05,438"
"355","Vedanta Limited","VEDL","P&F | F.A","4.66%","453.6","90,90,093"
"371","Crompton Greaves Consumer Electricals Limited","CROMPTON","P&F | F.A","4.46%","387.6","78,66,002"
"486","Suzlon Energy Limited","SUZLON","P&F | F.A","4.18%","59.1","8,80,52,680"
"457","Sammaan Capital Ltd","SAMMAANCAP","P&F | F.A","4.17%","140.5","82,89,262"
"211","Brigade Enterprises Limited","BRIGADE","P&F | F.A","4.12%","1140.7","4,42,463"
"309","Avanti Feeds Limited","AVANTIFEED","P&F | F.A","4.05%","604.9","35,83,078"
"54","Hero Motocorp Limited","HEROMOTOCO","P&F | F.A","3.86%","4781.7","12,97,154"
"482","Equitas Small Finance Bank Ltd","EQUITASBNK","P&F | F.A","3.77%","64.99","24,14,597"
"310","Varun Beverages Limited","VBL","P&F | F.A","3.54%","596.05","41,41,832"
"200","Cholamandalam Investment And Finance Company Limited","CHOLAFIN","P&F | F.A","3.38%","1246.5","8,81,212"
"421","Nmdc Limited","NMDC","P&F | F.A","3.33%","226.08","99,40,863"
"398","Jindal Saw Limited","JINDALSAW","P&F | F.A","3%","303.85","10,05,250"
"396","Knr Constructions Limited","KNRCON","P&F | F.A","2.98%","311.45","19,57,074"
"456","Tata Steel Limited","TATASTEEL","P&F | F.A","2.93%","142.02","2,52,93,839"
"57","BSE (Bombay stock exchange)","BSE","P&F | F.A","2.85%","4677.6","16,05,659"
"155","Ipca Laboratories Limited","IPCALAB","P&F | F.A","2.83%","1580","2,39,662"
"485","Ifci Limited","IFCI","P&F | F.A","2.75%","59.37","1,05,51,045"
"67","Interglobe Aviation Limited","INDIGO","P&F | F.A","2.74%","3997.65","5,10,812"
"25","Cera Sanitaryware Limited","CERA","P&F | F.A","2.72%","7200","25,759"
"481","IDFC First Bank Ltd","IDFCFIRSTB","P&F | F.A","2.59%","65.05","2,13,42,002"
"35","Polycab India Ltd","POLYCAB","P&F | F.A","2.43%","6455.25","2,54,376"
"170","Techno Electric & Engineering Company Ltd","TECHNOE","P&F | F.A","2.4%","1479.6","96,055"
"121","Caplin Point Laboratories Limited","CAPLIPOINT","P&F | F.A","2.38%","1998","55,124"
"391","Indus Towers Ltd (Bharti Infratel)","INDUSTOWER","P&F | F.A","2.3%","325.05","34,29,724"
"470","Punjab National Bank","PNB","P&F | F.A","2.25%","101.73","2,15,08,394"
"171","United Spirits Ltd","UNITDSPR","P&F | F.A","2.19%","1474","4,88,836"
"86","Mastek Limited","MASTEK","P&F | F.A","2.17%","3075.5","1,44,361"
"37","Amber Enterprises India Ltd","AMBER","P&F | F.A","2.12%","6249","2,80,879"
"420","Nlc India Limited","NLCINDIA","P&F | F.A","2.11%","237.2","10,04,059"
"187","Deepak Fertilizers And Petrochemicals Corporation Limited","DEEPAKFERT","P&F | F.A","2.03%","1308.5","9,05,563"
"248","Jindal Steel & Power Limited","JINDALSTEL","P&F | F.A","2.03%","895.25","8,66,292"
"353","Power Finance Corporation Limited","PFC","P&F | F.A","2.02%","463.9","68,20,458"
"240","Ramkrishna Forgings Limited","RKFORGE","P&F | F.A","1.96%","951","1,42,905"
"66","Mazagon Dock Shipbuilders Ltd","MAZDOCK","P&F | F.A","1.93%","4001.95","8,34,535"
"467","Steel Authority Of India Limited","SAIL","P&F | F.A","1.89%","113.95","1,31,01,059"
"167","Central Depository Services Ltd","CDSL","P&F | F.A","1.85%","1500","23,50,391"
"266","One 97 Communications Ltd","PAYTM","P&F | F.A","1.83%","783.2","54,32,365"
"27","Tata Investment Corporation Limited","TATAINVEST","P&F | F.A","1.72%","6724.85","47,418"
"379","General Insurance Corporation of India","GICRE","P&F | F.A","1.71%","360.25","4,29,482"
"488","Bank Of Maharashtra","MAHABANK","P&F | F.A","1.7%","51.36","78,30,620"
"279","CG Power and Industrial Solutions Ltd","CGPOWER","P&F | F.A","1.69%","706.85","9,26,457"
"96","Colgate Palmolive (india) Limited","COLPAL","P&F | F.A","1.65%","2753.6","2,45,328"
"419","Rajesh Exports Limited","RAJESHEXPO","P&F | F.A","1.63%","239.35","13,49,251"
"426","Housing and Urban Development Corporation","HUDCO","P&F | F.A","1.62%","205.31","24,84,514"
"34","Tata Elxsi Limited","TATAELXSI","P&F | F.A","1.61%","6476.95","1,30,345"
"13","PTC Industries Ltd","PTCIL","P&F | F.A","1.57%","11240","8,394"
"258","Shyam Metalics & Energy Ltd","SHYAMMETL","P&F | F.A","1.57%","825.6","1,42,494"
"459","L&T Finance Ltd","LTF","P&F | F.A","1.56%","139.65","42,16,128"
"109","Tvs Motor Company Limited","TVSMOTOR","P&F | F.A","1.51%","2432.3","1,67,463"
"462","Himachal Futuristic Communications Limited","HFCL","P&F | F.A","1.51%","128.8","1,18,07,922"
"89","Ajanta Pharma Limited","AJANTPHARM","P&F | F.A","1.49%","2902.6","45,072"
"319","Ambuja Cements Limited","AMBUJACEM","P&F | F.A","1.47%","552.5","8,63,664"
"327","Upl Limited","UPL","P&F | F.A","1.47%","533.55","18,25,443"
"88","Dr. Lal Path Labs Ltd.","LALPATHLAB","P&F | F.A","1.46%","2999.45","1,01,484"
"477","Gmr Infrastructure Limited","GMRINFRA","P&F | F.A","1.45%","77.92","89,24,226"
"195","Adani Ports And Special Economic Zone Limited","ADANIPORTS","P&F | F.A","1.4%","1282.25","9,27,577"
"70","Anand Rathi Wealth Ltd","ANANDRATHI","P&F | F.A","1.38%","3937.55","13,680"
"90","Mahindra & Mahindra Limited","M&M","P&F | F.A","1.38%","2846","14,96,510"
"436","Godawari Power And Ispat Limited","GPIL","P&F | F.A","1.38%","188","5,25,017"
"14","Maruti Suzuki India Limited","MARUTI","P&F | F.A","1.34%","11153","1,97,675"
"193","Suven Pharmaceuticals Ltd","SUVENPHAR","P&F | F.A","1.29%","1291.2","50,825"
"208","Godrej Consumer Products Limited","GODREJCP","P&F | F.A","1.29%","1190.3","7,55,087"
"367","Coal India Limited","COALINDIA","P&F | F.A","1.28%","415","44,26,729"
"141","Coromandel International Limited","COROMANDEL","P&F | F.A","1.27%","1737.75","1,64,743"
"289","Archean Chemical Industries Ltd","ACI","P&F | F.A","1.26%","688.35","1,59,504"
"366","Heg Limited","HEG","P&F | F.A","1.23%","415.25","1,31,566"
"306","Lic Housing Finance Limited","LICHSGFIN","P&F | F.A","1.22%","615.55","6,76,201"
"203","Macrotech Developers Ltd","LODHA","P&F | F.A","1.19%","1236.65","12,37,998"
"404","Aditya Birla Fashion And Retail Limited","ABFRL","P&F | F.A","1.18%","292.1","10,07,586"
"194","Tejas Networks","TEJASNET","P&F | F.A","1.17%","1282.6","6,63,397"
"314","Gujarat Narmada Valley Fertilizers And Chemicals Limited","GNFC","P&F | F.A","1.16%","560.65","4,44,267"
"101","Mankind Pharma Ltd","MANKIND","P&F | F.A","1.15%","2627.6","1,04,003"
"414","Mahindra & Mahindra Financial Services Limited","M&MFIN","P&F | F.A","1.15%","259.8","3,77,313"
"423","Ashok Leyland Limited","ASHOKLEY","P&F | F.A","1.14%","220.06","25,98,182"
"282","Praj Industries Limited","PRAJIND","P&F | F.A","1.12%","697.4","3,06,703"
"473","Nbcc (india) Limited","NBCC","P&F | F.A","1.11%","91","40,37,687"
"492","Uco Bank","UCOBANK","P&F | F.A","1.11%","41.73","21,10,837"
"413","Kansai Nerolac Paints Limited","KANSAINER","P&F | F.A","1.1%","262.1","1,07,469"
"48","Crisil Limited","CRISIL","P&F | F.A","1.07%","5246.2","12,172"
"178","Olectra Greentech Ltd","OLECTRA","P&F | F.A","1.07%","1432.65","3,00,216"
"368","Tata Power Company Limited","TATAPOWER","P&F | F.A","1.06%","408.95","73,89,844"
"335","Himadri Speciality Chemical Limited","HSCL","P&F | F.A","1.03%","502.9","12,61,298"
"146","Hdfc Bank Limited","HDFCBANK","P&F | F.A","1.02%","1709.95","83,17,584"
"114","Nestle India Limited","NESTLEIND","P&F | F.A","1.01%","2204.9","3,39,979"
"307","Jubilant Foodworks Limited","JUBLFOOD","P&F | F.A","1%","614.25","8,19,552"
"308","Maharashtra Seamless Limited","MAHSEAMLES","P&F | F.A","1%","613.75","1,26,211"
"491","NMDC Steel Ltd","NSLNISP","P&F | F.A","1%","44.3","23,67,744"
"32","Bajaj Finance Limited","BAJFINANCE","P&F | F.A","0.99%","6614.1","3,88,877"
"102","Godrej Properties Limited","GODREJPROP","P&F | F.A","0.99%","2620.95","1,63,177"
"439","TVS Supply Chain Solutions Ltd","TVSSCS","P&F | F.A","0.99%","181.7","2,58,596"
"18","Bajaj Auto Limited","BAJAJ-AUTO","P&F | F.A","0.97%","9575.35","1,81,234"
"119","Lupin Limited","LUPIN","P&F | F.A","0.96%","2035.3","5,67,409"
"450","Rbl Bank Limited","RBLBANK","P&F | F.A","0.96%","156.21","38,07,669"
"132","Whirlpool Of India Limited","WHIRLPOOL","P&F | F.A","0.95%","1820","43,334"
"243","TATA Consumer Products Ltd","TATACONSUM","P&F | F.A","0.93%","933.6","10,13,878"
"142","Kotak Mahindra Bank Limited","KOTAKBANK","P&F | F.A","0.91%","1723.4","8,47,231"
"489","Indian Overseas Bank","IOB","P&F | F.A","0.91%","50","32,09,066"
"241","Jsw Steel Limited","JSWSTEEL","P&F | F.A","0.89%","947.45","5,56,722"
"47","Alkem Laboratories Limited","ALKEM","P&F | F.A","0.88%","5573.55","1,56,897"
"446","Motherson Sumi Systems Limited","MOTHERSON","P&F | F.A","0.88%","166.81","71,18,774"
"236","KFin Technologies Ltd","KFINTECH","P&F | F.A","0.87%","986.05","1,53,199"
"4","Bosch Limited","BOSCHLTD","P&F | F.A","0.85%","34149.95","11,471"
"297","Kalyan Jewellers India Ltd","KALYANKJIL","P&F | F.A","0.85%","659.45","43,58,437"
"431","Castrol India Limited","CASTROLIND","P&F | F.A","0.85%","192.02","16,64,250"
"257","Can Fin Homes Limited","CANFINHOME","P&F | F.A","0.84%","829.9","1,26,131"
"43","Divi's Laboratories Limited","DIVISLAB","P&F | F.A","0.83%","5797.75","2,09,777"
"58","Supreme Industries Limited","SUPREMEIND","P&F | F.A","0.83%","4580.9","76,914"
"377","Jk Tyre & Industries Limited","JKTYRE","P&F | F.A","0.83%","368.55","2,20,350"
"427","The Federal Bank  Limited","FEDERALBNK","P&F | F.A","0.82%","198.6","58,91,636"
"466","Union Bank Of India","UNIONBANK","P&F | F.A","0.79%","114.8","40,53,327"
"487","Central Bank Of India","CENTRALBK","P&F | F.A","0.77%","52.32","26,47,862"
"337","Hindustan Zinc Limited","HINDZINC","P&F | F.A","0.76%","499.1","16,41,062"
"64","Hindustan Aeronautics Ltd","HAL","P&F | F.A","0.72%","4116.4","13,52,007"
"46","Kaynes Technology India Ltd","KAYNES","P&F | F.A","0.7%","5577.15","2,30,398"
"269","Dlf Limited","DLF","P&F | F.A","0.69%","767.95","17,42,694"
"85","Torrent Pharmaceuticals Limited","TORNTPHARM","P&F | F.A","0.68%","3123.35","1,05,631"
"116","Acc Limited","ACC","P&F | F.A","0.68%","2203.05","58,495"
"497","Alok Industries Ltd","ALOKINDS","P&F | F.A","0.68%","20.77","54,95,585"
"403","JSW Infrastructure Ltd","JSWINFRA","P&F | F.A","0.67%","292.55","7,68,941"
"461","Jm Financial Limited","JMFINANCIL","P&F | F.A","0.67%","129.92","63,95,621"
"441","Gujarat Pipavav Port Limited","GPPL","P&F | F.A","0.66%","176.72","6,32,338"
"334","Rural Electrification Corporation Limited","RECLTD","P&F | F.A","0.65%","505.6","34,99,032"
"338","Laurus Labs Limited","LAURUSLABS","P&F | F.A","0.63%","489.05","6,12,065"
"295","Jubilant Ingrevia Ltd","JUBLINGREA","P&F | F.A","0.62%","660.65","1,06,839"
"104","Bombay Burmah Trading Corporation Limited","BBTC","P&F | F.A","0.61%","2580","97,751"
"412","Hindustan Copper Limited","HINDCOPPER","P&F | F.A","0.61%","264.3","30,96,179"
"118","Grindwell Norton Limited","GRINDWELL","P&F | F.A","0.59%","2097.1","23,659"
"97","Doms Industries Ltd","DOMS","P&F | F.A","0.58%","2702.9","39,361"
"471","Canara Bank","CANBK","P&F | F.A","0.58%","98.06","1,04,65,180"
"475","SBFC Finance Ltd","SBFC","P&F | F.A","0.58%","83.39","8,83,123"
"91","Adani Enterprises Limited","ADANIENT","P&F | F.A","0.57%","2843","3,16,022"
"152","Havells India Limited","HAVELLS","P&F | F.A","0.57%","1628.15","2,31,636"
"483","Motherson Sumi Wiring India Ltd","MSUMI","P&F | F.A","0.57%","61.28","15,31,009"
"95","Balkrishna Industries Limited","BALKRISIND","P&F | F.A","0.56%","2753.95","48,371"
"149","Jb Chemicals & Pharmaceuticals Limited","JBCHEPHARM","P&F | F.A","0.56%","1691.35","1,05,567"
"226","Tata Chemicals Limited","TATACHEM","P&F | F.A","0.56%","1064.5","2,90,874"
"98","Netweb Technologies India Ltd","NETWEB","P&F | F.A","0.54%","2685.35","87,534"
"173","Carborundum Universal Limited","CARBORUNIV","P&F | F.A","0.54%","1469.6","1,98,102"
"107","Asian Paints Limited","ASIANPAINT","P&F | F.A","0.53%","2496.35","5,33,339"
"290","Welspun Corp Limited","WELCORP","P&F | F.A","0.52%","681.8","3,25,490"
"74","Larsen & Toubro Limited","LT","P&F | F.A","0.51%","3544.1","6,67,450"
"325","Hbl Power Systems Limited","HBLPOWER","P&F | F.A","0.48%","543.5","5,74,290"
"259","Fertilizers And Chemicals Travancore Limited","FACT","P&F | F.A","0.47%","822.55","82,957"
"410","Zomato Ltd","ZOMATO","P&F | F.A","0.47%","270.92","3,65,11,008"
"260","State Bank Of India","SBIN","P&F | F.A","0.45%","807.9","51,73,961"
"9","Dixon Technologies","DIXON","P&F | F.A","0.44%","14841","2,25,048"
"360","Aster DM Healthcare Ltd","ASTERDM","P&F | F.A","0.41%","432.15","4,50,798"
"454","Welspun Living Ltd","WELSPUNLIV","P&F | F.A","0.41%","150.23","6,37,915"
"202","Max Financial Services Limited","MFSL","P&F | F.A","0.37%","1237.2","5,03,678"
"448","Indian Energy Exchange Ltd","IEX","P&F | F.A","0.37%","162.11","23,19,404"
"80","Cummins India Limited","CUMMINSIND","P&F | F.A","0.36%","3341.75","4,25,053"
"227","Piramal Enterprises Limited","PEL","P&F | F.A","0.36%","1048","6,90,451"
"110","Hindustan Unilever Limited","HINDUNILVR","P&F | F.A","0.35%","2397.55","5,43,139"
"261","Aditya Birla Sun Life AMC Ltd","ABSLAMC","P&F | F.A","0.34%","804","1,72,506"
"222","Birla Corporation Limited","BIRLACORPN","P&F | F.A","0.3%","1088.6","28,914"
"265","Container Corporation Of India Limited","CONCOR","P&F | F.A","0.3%","788","4,22,907"
"156","TBO Tek Ltd","TBOTEK","P&F | F.A","0.29%","1572.1","9,555"
"313","AU Small Finance Bank","AUBANK","P&F | F.A","0.29%","575.55","10,06,673"
"92","Shriram Finance Ltd","SHRIRAMFIN","P&F | F.A","0.28%","2830.5","5,55,149"
"77","Tube Investments of India Ltd","TIINDIA","P&F | F.A","0.27%","3449.65","3,13,900"
"474","Network18 Media & Investments Limited","NETWORK18","P&F | F.A","0.27%","85.05","27,33,083"
"267","Tata Motors Limited","TATAMOTORS","P&F | F.A","0.26%","776.35","1,30,54,749"
"207","Kalpataru Projects International Ltd","KPIL","P&F | F.A","0.25%","1202","49,401"
"495","Trident Limited","TRIDENT","P&F | F.A","0.25%","31.86","34,08,240"
"458","Indian Railway Finance Corporation Ltd","IRFC","P&F | F.A","0.24%","140","91,34,411"
"232","Kec International Limited","KEC","P&F | F.A","0.23%","1008.2","5,72,974"
"106","Grasim Industries Limited","GRASIM","P&F | F.A","0.22%","2529.4","8,80,334"
"411","Finolex Industries Limited","FINPIPE","P&F | F.A","0.21%","265.1","2,34,352"
"468","Sjvn Limited","SJVN","P&F | F.A","0.21%","103.99","34,08,949"
"480","Tata Teleservices (maharashtra) Limited","TTML","P&F | F.A","0.21%","67.75","13,07,985"
"176","Jbm Auto Limited","JBMA","P&F | F.A","0.2%","1457","55,749"
"302","Fortis Healthcare Limited","FORTIS","P&F | F.A","0.2%","640.4","5,29,738"
"283","Ccl Products (india) Limited","CCL","P&F | F.A","0.19%","696.3","33,602"
"472","The Jammu & Kashmir Bank Limited","J&KBANK","P&F | F.A","0.17%","95.23","13,85,068"
"52","Eicher Motors Limited","EICHERMOT","P&F | F.A","0.16%","4891.7","2,99,355"
"6","Abbott India Limited","ABBOTINDIA","P&F | F.A","0.15%","27391.7","2,589"
"465","Zee Entertainment Enterprises Limited","ZEEL","P&F | F.A","0.15%","115.71","27,41,467"
"442","New India Assurance Company Ltd","NIACL","P&F | F.A","0.13%","176.27","4,32,288"
"425","Shipping Corporation Of India Limited","SCI","P&F | F.A","0.09%","208.23","22,11,664"
"157","G R Infraprojects Ltd","GRINFRA","P&F | F.A","0.08%","1571.1","10,959"
"163","Sobha Limited","SOBHA","P&F | F.A","0.08%","1535.2","1,48,786"
"235","Uno Minda Ltd","UNOMINDA","P&F | F.A","0.08%","995.95","4,51,006"
"244","Lloyds Metals & Energy Ltd","LLOYDSME","P&F | F.A","0.08%","925","1,40,014"
"380","Eih Limited","EIHOTEL","P&F | F.A","0.08%","357.95","3,07,176"
"341","Chemplast Sanmar Ltd","CHEMPLASTS","P&F | F.A","0.07%","482.55","41,979"
"422","Bharat Heavy Electricals Limited","BHEL","P&F | F.A","0.07%","223.86","67,49,208"
"29","Abb India Limited","ABB","P&F | F.A","0.06%","6684.35","1,70,820"
"362","Exide Industries Limited","EXIDEIND","P&F | F.A","0.06%","418.35","12,90,318"
"212","Kirloskar Oil Engines Limited","KIRLOSENG","P&F | F.A","0.04%","1137.9","2,33,054"
"286","Icici Prudential Life Insurance Company Limited","ICICIPRULI","P&F | F.A","0.01%","694","1,78,040"
"384","Nuvoco Vistas Corporation Ltd","NUVOCO","P&F | F.A","0%","335.05","41,883"
"440","Engineers India Limited","ENGINERSIN","P&F | F.A","0%","180.36","14,09,275"
"158","SBI Life Insurance Company Ltd","SBILIFE","P&F | F.A","-0.02%","1562","2,37,576"
"263","Indian Railway Catering & Tourism Corporation Ltd","IRCTC","P&F | F.A","-0.02%","799.45","5,69,860"
"19","Gillette India Limited","GILLETTE","P&F | F.A","-0.03%","9424.35","24,721"
"374","Hindustan Petroleum Corporation Limited","HINDPETRO","P&F | F.A","-0.03%","372.3","21,04,333"
"424","Karur Vysya Bank Limited","KARURVYSYA","P&F | F.A","-0.03%","211.21","5,95,183"
"452","Manappuram Finance Limited","MANAPPURAM","P&F | F.A","-0.03%","155.58","69,19,168"
"476","Nhpc Limited","NHPC","P&F | F.A","-0.04%","78.35","1,03,68,500"
"291","Nippon Life India Asset Management Ltd","NAM-INDIA","P&F | F.A","-0.05%","679.6","2,29,443"
"304","Quess Corp Limited","QUESS","P&F | F.A","-0.05%","636.85","2,24,072"
"351","Itc Limited","ITC","P&F | F.A","-0.05%","465.7","59,70,628"
"1","Mrf Limited","MRF","P&F | F.A","-0.06%","120473.5","2,853"
"120","Metropolis Healthcare Ltd","METROPOLIS","P&F | F.A","-0.06%","2030.9","1,29,949"
"408","Rites Ltd","RITES","P&F | F.A","-0.07%","272.7","3,79,830"
"147","Voltas Limited","VOLTAS","P&F | F.A","-0.08%","1707.15","10,87,266"
"209","Inox India Ltd","INOXINDIA","P&F | F.A","-0.08%","1176","65,370"
"238","Zydus Lifesciences Ltd","ZYDUSLIFE","P&F | F.A","-0.09%","956.5","5,78,864"
"444","City Union Bank Limited","CUB","P&F | F.A","-0.09%","172.11","12,84,311"
"311","Marico Limited","MARICO","P&F | F.A","-0.1%","591.65","12,50,871"
"87","Pidilite Industries Limited","PIDILITIND","P&F | F.A","-0.12%","3018.1","1,68,060"
"406","Bharat Electronics Limited","BEL","P&F | F.A","-0.12%","280.6","85,08,948"
"10","ZF Commercial Vehicle Control System India Ltd","ZFCVINDIA","P&F | F.A","-0.13%","14650.7","5,883"
"490","Irb Infrastructure Developers Limited","IRB","P&F | F.A","-0.13%","47.7","1,00,37,474"
"7","Shree Cements Limited","SHREECEM","P&F | F.A","-0.14%","24057.05","4,398"
"51","Britannia Industries Limited","BRITANNIA","P&F | F.A","-0.14%","4908.65","2,62,127"
"127","Concord Biotech Ltd","CONCORDBIO","P&F | F.A","-0.14%","1895","24,412"
"183","Eris Lifesciences","ERIS","P&F | F.A","-0.15%","1350.7","16,489"
"433","Inox Wind Limited","INOXWIND","P&F | F.A","-0.15%","189.75","37,26,734"
"416","Oil & Natural Gas Corporation Limited","ONGC","P&F | F.A","-0.16%","250.4","81,10,520"
"160","Torrent Power Limited","TORNTPOWER","P&F | F.A","-0.17%","1556.35","3,72,484"
"175","Apl Apollo Tubes Limited","APLAPOLLO","P&F | F.A","-0.17%","1468.05","1,77,162"
"316","Sonata Software Limited","SONATSOFTW","P&F | F.A","-0.17%","558.15","2,59,224"
"387","Delhivery Ltd","DELHIVERY","P&F | F.A","-0.17%","330","26,89,679"
"460","Indian Oil Corporation Limited","IOC","P&F | F.A","-0.17%","134.53","75,51,183"
"246","Life Insurance Corporation of India","LICI","P&F | F.A","-0.2%","906.85","4,42,109"
"373","Usha Martin Limited","USHAMART","P&F | F.A","-0.2%","380.05","2,89,023"
"381","Poonawalla Fincorp Ltd","POONAWALLA","P&F | F.A","-0.2%","355.25","5,20,346"
"197","Reliance Industries Limited","RELIANCE","P&F | F.A","-0.21%","1264.9","82,24,556"
"383","Firstsource Solutions Limited","FSL","P&F | F.A","-0.21%","339.45","24,27,268"
"134","Blue Star Limited","BLUESTARCO","P&F | F.A","-0.22%","1804.55","1,54,100"
"284","Jk Lakshmi Cement Limited","JKLAKSHMI","P&F | F.A","-0.22%","695.75","45,647"
"397","Power Grid Corporation Of India Limited","POWERGRID","P&F | F.A","-0.22%","311.4","48,06,729"
"434","Indian Renewable Energy Development Agency Ltd","IREDA","P&F | F.A","-0.22%","189.44","30,46,536"
"166","R R Kabel Ltd","RRKABEL","P&F | F.A","-0.23%","1523.6","16,434"
"287","Jindal Stainless Limited","JSL","P&F | F.A","-0.23%","692.95","3,69,011"
"478","Idbi Bank Limited","IDBI","P&F | F.A","-0.23%","76.88","35,78,256"
"276","Intellect Design Arena Limited","INTELLECT","P&F | F.A","-0.24%","720.65","92,214"
"199","Icici Bank Limited","ICICIBANK","P&F | F.A","-0.25%","1253.75","31,26,170"
"358","Jupiter Wagons Ltd","JWL","P&F | F.A","-0.25%","435.1","5,09,581"
"49","Pfizer Limited","PFIZER","P&F | F.A","-0.26%","5193.65","9,983"
"288","HDFC Life Insurance Company Ltd","HDFCLIFE","P&F | F.A","-0.26%","692.2","10,59,271"
"56","Craftsman Automation Ltd","CRAFTSMAN","P&F | F.A","-0.27%","4677.8","15,132"
"201","Aurobindo Pharma Limited","AUROPHARMA","P&F | F.A","-0.27%","1245.65","7,34,812"
"255","ICICI Securities Ltd","ISEC","P&F | F.A","-0.27%","841.35","49,618"
"395","Petronet Lng Limited","PETRONET","P&F | F.A","-0.27%","313","10,64,863"
"131","Patanjali Foods Ltd","PATANJALI","P&F | F.A","-0.28%","1838.6","1,18,336"
"347","Chambal Fertilizers & Chemicals Limited","CHAMBLFERT","P&F | F.A","-0.28%","468.55","6,59,850"
"55","Fine Organic Industries Ltd","FINEORG","P&F | F.A","-0.29%","4752.5","9,507"
"479","Mmtc Limited","MMTC","P&F | F.A","-0.29%","75.13","16,27,551"
"494","Ujjivan Small Finance Bank Ltd","UJJIVANSFB","P&F | F.A","-0.29%","33.9","67,54,960"
"164","Glenmark Pharmaceuticals Limited","GLENMARK","P&F | F.A","-0.3%","1529.1","9,83,955"
"312","Chennai Petroleum Corporation Limited","CHENNPETRO","P&F | F.A","-0.31%","576.5","13,17,577"
"354","Latent View Analytics Ltd","LATENTVIEW","P&F | F.A","-0.31%","455","1,73,803"
"228","360 ONE WAM Ltd","360ONE","P&F | F.A","-0.32%","1047","1,67,164"
"344","Oil India Limited","OIL","P&F | F.A","-0.33%","473.9","6,74,917"
"418","Bank Of Baroda","BANKBARODA","P&F | F.A","-0.33%","240.7","1,07,73,832"
"111","Endurance Technologies Limited","ENDURANCE","P&F | F.A","-0.34%","2367.15","19,760"
"24","Atul Limited","ATUL","P&F | F.A","-0.35%","7277.9","11,751"
"112","Indiamart Intermesh Ltd","INDIAMART","P&F | F.A","-0.36%","2276","1,25,366"
"333","Dabur India Limited","DABUR","P&F | F.A","-0.37%","506.2","20,22,661"
"429","Redington (india) Limited","REDINGTON","P&F | F.A","-0.39%","192.61","7,54,844"
"94","Ceat Limited","CEATLTD","P&F | F.A","-0.4%","2762.75","23,872"
"389","Gujarat Mineral Development Corporation Limited","GMDCLTD","P&F | F.A","-0.41%","329.3","6,34,965"
"393","Aptus Value Housing Finance India Ltd","APTUS","P&F | F.A","-0.43%","315.45","1,74,188"
"192","Clean Science & Technology Ltd","CLEAN","P&F | F.A","-0.44%","1292.9","53,138"
"224","Global Health Ltd","MEDANTA","P&F | F.A","-0.44%","1067.2","1,18,296"
"234","Max Healthcare Institute Ltd","MAXHEALTH","P&F | F.A","-0.44%","1001.8","17,30,112"
"272","The Indian Hotels Company Limited","INDHOTEL","P&F | F.A","-0.44%","738.1","24,67,075"
"352","Vip Industries Limited","VIPIND","P&F | F.A","-0.45%","464.45","1,62,032"
"382","The India Cements Limited","INDIACEM","P&F | F.A","-0.45%","353.7","1,90,227"
"84","Titan Company Limited","TITAN","P&F | F.A","-0.46%","3169.2","5,33,808"
"392","Jio Financial Services Ltd","JIOFIN","P&F | F.A","-0.47%","316.85","93,07,933"
"161","Prestige Estates Projects Limited","PRESTIGE","P&F | F.A","-0.48%","1539.7","3,15,335"
"188","Cochin Shipyard","COCHINSHIP","P&F | F.A","-0.49%","1306","2,08,595"
"324","Syrma SGS Technology Ltd","SYRMA","P&F | F.A","-0.5%","544.9","4,27,537"
"469","Bank Of India","BANKINDIA","P&F | F.A","-0.5%","103.78","37,64,709"
"298","Indegene Ltd","INDGN","P&F | F.A","-0.52%","657.5","1,57,201"
"180","Garden Reach Shipbuilders & Engineers Ltd","GRSE","P&F | F.A","-0.53%","1399","3,61,790"
"455","Mangalore Refinery And Petrochemicals Limited","MRPL","P&F | F.A","-0.54%","148.46","16,34,574"
"443","Cesc Limited","CESC","P&F | F.A","-0.55%","173.99","13,44,142"
"204","Action Construction Equipment Limited","ACE","P&F | F.A","-0.56%","1235.45","91,617"
"256","Chalet Hotels Ltd","CHALET","P&F | F.A","-0.56%","839.45","31,216"
"292","SBI Cards & Payment Services Ltd","SBICARD","P&F | F.A","-0.56%","679.5","2,28,021"
"78","Aia Engineering Limited","AIAENG","P&F | F.A","-0.57%","3411.5","20,467"
"346","Apollo Tyres Limited","APOLLOTYRE","P&F | F.A","-0.57%","472.6","6,17,269"
"99","Angel One Ltd","ANGELONE","P&F | F.A","-0.58%","2679.9","5,73,876"
"138","Sun Pharmaceuticals Industries Limited","SUNPHARMA","P&F | F.A","-0.59%","1757.8","8,24,212"
"432","Ircon International Ltd","IRCON","P&F | F.A","-0.59%","190.64","23,30,134"
"229","Home First Finance Company India Ltd","HOMEFIRST","P&F | F.A","-0.6%","1042.95","83,016"
"151","AAVAS Financiers Ltd","AAVAS","P&F | F.A","-0.61%","1640.2","97,142"
"169","Adani Green Energy Ltd","ADANIGREEN","P&F | F.A","-0.61%","1481.2","3,80,033"
"28","Siemens Limited","SIEMENS","P&F | F.A","-0.62%","6695.35","60,845"
"75","Escorts Limited","ESCORTS","P&F | F.A","-0.62%","3481.45","37,652"
"140","Tata Communications Limited","TATACOMM","P&F | F.A","-0.62%","1739","84,263"
"117","Data Patterns (India) Ltd","DATAPATTNS","P&F | F.A","-0.63%","2152.9","84,844"
"148","Dalmia Bharat Limited","DALBHARAT","P&F | F.A","-0.63%","1702.95","1,01,399"
"463","Gujarat Ambuja Exports Limited","GAEL","P&F | F.A","-0.63%","120.7","3,34,429"
"145","PB Fintech Ltd","POLICYBZR","P&F | F.A","-0.64%","1713.4","8,82,123"
"218","Metro Brands Ltd","METROBRAND","P&F | F.A","-0.64%","1121.7","52,137"
"182","Natco Pharma Limited","NATCOPHARM","P&F | F.A","-0.65%","1367.55","4,29,779"
"453","Rashtriya Chemicals And Fertilizers Limited","RCF","P&F | F.A","-0.65%","154.93","11,62,374"
"8","Procter & Gamble Hygiene And Health Care Limited","PGHH","P&F | F.A","-0.66%","15600","1,107"
"108","Glaxosmithkline Pharmaceuticals Limited","GLAXO","P&F | F.A","-0.66%","2441","26,439"
"447","Bandhan Bank Ltd","BANDHANBNK","P&F | F.A","-0.66%","166.15","54,75,335"
"219","Titagarh Rail Systems Ltd","TITAGARH","P&F | F.A","-0.67%","1103","4,34,192"
"294","Sona BLW Precision Forgings Ltd","SONACOMS","P&F | F.A","-0.67%","664.15","2,98,494"
"300","Triveni Turbine Limited","TRITURBINE","P&F | F.A","-0.68%","651.2","6,38,759"
"376","Railtel Corporation of India Ltd","RAILTEL","P&F | F.A","-0.69%","369.65","8,01,386"
"137","Gland Pharma Ltd","GLAND","P&F | F.A","-0.7%","1761.5","61,975"
"484","RattanIndia Enterprises Ltd","RTNINDIA","P&F | F.A","-0.7%","61.07","22,82,989"
"407","Ncc Limited","NCC","P&F | F.A","-0.71%","278","12,96,812"
"16","Ultratech Cement Limited","ULTRACEMCO","P&F | F.A","-0.73%","10649.95","2,02,717"
"144","Astral Poly Technik Limited","ASTRAL","P&F | F.A","-0.73%","1718.45","1,46,888"
"41","Multi Commodity Exchange Of India Limited","MCX","P&F | F.A","-0.74%","5906.35","2,02,389"
"128","United Breweries Limited","UBL","P&F | F.A","-0.74%","1869.55","61,987"
"15","Bajaj Holdings & Investment Limited","BAJAJHLDNG","P&F | F.A","-0.76%","10767.5","20,203"
"191","SignatureGlobal India Ltd","SIGNATURE","P&F | F.A","-0.76%","1293","2,54,435"
"247","The Ramco Cements Limited","RAMCOCEM","P&F | F.A","-0.77%","895.4","7,33,098"
"280","Zensar Technologies Limited","ZENSARTECH","P&F | F.A","-0.77%","700.2","2,02,774"
"71","Avenue Supermarts","DMART","P&F | F.A","-0.79%","3793.7","3,91,389"
"186","Bharat Forge Limited","BHARATFORG","P&F | F.A","-0.79%","1318.3","7,99,209"
"370","PCBL Ltd","PCBL","P&F | F.A","-0.79%","389.85","7,01,263"
"339","Berger Paints (i) Limited","BERGEPAINT","P&F | F.A","-0.83%","487.8","2,16,956"
"162","Bharti Airtel Limited","BHARTIARTL","P&F | F.A","-0.84%","1537.55","24,39,746"
"274","Sun Tv Network Limited","SUNTV","P&F | F.A","-0.84%","724.6","1,18,398"
"401","Pnc Infratech Limited","PNCINFRA","P&F | F.A","-0.84%","296.55","3,50,769"
"249","Motilal Oswal Financial Services Limited","MOTILALOFS","P&F | F.A","-0.85%","893.25","11,55,683"
"365","Rail Vikas Nigam Ltd","RVNL","P&F | F.A","-0.87%","415.85","27,93,010"
"125","Alkyl Amines Chemicals Limited","ALKYLAMINE","P&F | F.A","-0.88%","1937.2","14,565"
"332","Sumitomo Chemical India Ltd","SUMICHEM","P&F | F.A","-0.89%","516.25","1,85,665"
"343","Graphite India Limited","GRAPHITE","P&F | F.A","-0.89%","480.35","2,95,372"
"3","Honeywell Automation India Limited","HONAUT","P&F | F.A","-0.91%","41722.2","3,073"
"130","Hcl Technologies Limited","HCLTECH","P&F | F.A","-0.91%","1842","13,45,973"
"190","Bata India Limited","BATAINDIA","P&F | F.A","-0.91%","1295.4","1,68,686"
"230","Alembic Pharmaceuticals Limited","APLLTD","P&F | F.A","-0.93%","1018.45","86,562"
"30","Nuvama Wealth Management Ltd","NUVAMA","P&F | F.A","-0.94%","6664.4","56,655"
"275","Godrej Agrovet Ltd","GODREJAGRO","P&F | F.A","-0.94%","723.25","53,654"
"437","Aditya Birla Capital Ltd","ABCAPITAL","P&F | F.A","-0.94%","187.14","44,90,926"
"81","Navin Fluorine International Limited","NAVINFLUOR","P&F | F.A","-0.95%","3278.6","34,012"
"348","Mahindra Lifespace Developers Limited","MAHLIFE","P&F | F.A","-0.97%","468","74,122"
"69","Jk Cement Limited","JKCEMENT","P&F | F.A","-0.98%","3960","95,866"
"390","Adani Wilmar Ltd","AWL","P&F | F.A","-0.98%","327.8","5,07,217"
"430","Gujarat State Fertilizers & Chemicals Limited","GSFC","P&F | F.A","-1.01%","192.43","8,00,122"
"409","Campus Activewear Ltd","CAMPUS","P&F | F.A","-1.02%","271.8","4,83,382"
"129","ICICI Lombard General Insurance Company Ltd","ICICIGI","P&F | F.A","-1.03%","1844.2","4,47,850"
"252","Adani Energy Solutions Ltd","ADANIENSOL","P&F | F.A","-1.03%","870.6","11,86,495"
"271","Century Plyboards (india) Limited","CENTURYPLY","P&F | F.A","-1.03%","740.95","29,728"
"253","Syngene International Limited","SYNGENE","P&F | F.A","-1.04%","852.65","2,70,984"
"363","Iifl Holdings Limited","IIFL","P&F | F.A","-1.04%","417.75","3,80,287"
"168","Cipla Limited","CIPLA","P&F | F.A","-1.06%","1483.85","9,68,026"
"359","Aarti Industries Limited","AARTIIND","P&F | F.A","-1.06%","433.6","8,83,722"
"496","Easy Trip Planners Ltd","EASEMYTRIP","P&F | F.A","-1.06%","29.78","72,17,941"
"435","Capri Global Capital Limited","CGCL","P&F | F.A","-1.07%","189.44","66,095"
"317","Krishna Institute of Medical Sciences Ltd","KIMS","P&F | F.A","-1.08%","554.05","1,11,016"
"26","Apollo Hospitals Enterprise Limited","APOLLOHOSP","P&F | F.A","-1.11%","6784.5","1,65,291"
"217","Finolex Cables Limited","FINCABLES","P&F | F.A","-1.11%","1124.75","63,939"
"113","Srf Limited","SRF","P&F | F.A","-1.12%","2210.15","1,04,363"
"372","Bls International Services Limited","BLS","P&F | F.A","-1.13%","384.85","6,74,303"
"220","Jyoti CNC Automation Ltd","JYOTICNC","P&F | F.A","-1.17%","1101.65","1,85,939"
"464","Lemon Tree Hotels Ltd","LEMONTREE","P&F | F.A","-1.17%","120.34","35,13,793"
"11","Oracle Financial Services Software Limited","OFSS","P&F | F.A","-1.18%","11629.65","92,514"
"143","C.E. Info Systems Ltd","MAPMYINDIA","P&F | F.A","-1.21%","1720.95","54,991"
"399","Sapphire Foods India Ltd","SAPPHIRE","P&F | F.A","-1.21%","303.35","48,380"
"493","Shree Renuka Sugars Limited","RENUKA","P&F | F.A","-1.22%","39.59","43,35,187"
"350","CIE Automotive India Ltd","CIEINDIA","P&F | F.A","-1.23%","465.9","90,908"
"50","L&t Technology Services Limited","LTTS","P&F | F.A","-1.24%","5106.1","51,116"
"449","Devyani International Ltd","DEVYANI","P&F | F.A","-1.24%","161.92","2,97,201"
"428","Sun Pharma Advanced Research Company Limited","SPARC","P&F | F.A","-1.25%","194.92","1,80,307"
"63","Sundaram Finance Limited","SUNDARMFIN","P&F | F.A","-1.26%","4125.75","20,768"
"45","Persistent Systems Limited","PERSISTENT","P&F | F.A","-1.3%","5639.7","2,35,866"
"320","Birlasoft Ltd","BSOFT","P&F | F.A","-1.3%","552","9,73,971"
"245","K.p.r. Mill Limited","KPRMILL","P&F | F.A","-1.31%","907.9","1,16,031"
"331","RHI Magnesita India Ltd","RHIM","P&F | F.A","-1.32%","521.4","66,357"
"40","Godfrey Phillips India Limited","GODFRYPHLP","P&F | F.A","-1.35%","6032.2","31,915"
"273","Happiest Minds Technologies Ltd","HAPPSTMNDS","P&F | F.A","-1.36%","725.8","4,83,947"
"369","V-guard Industries Limited","VGUARD","P&F | F.A","-1.36%","400.05","1,57,391"
"216","Axis Bank Limited","AXISBANK","P&F | F.A","-1.37%","1125.05","51,89,387"
"82","Timken India Limited","TIMKEN","P&F | F.A","-1.38%","3192.75","21,955"
"177","PVR Inox Ltd","PVRINOX","P&F | F.A","-1.38%","1441.35","3,39,495"
"103","Deepak Nitrite Limited","DEEPAKNTR","P&F | F.A","-1.39%","2601.9","5,15,239"
"153","Bajaj Finserv Limited","BAJAJFINSV","P&F | F.A","-1.39%","1617","7,02,176"
"179","Bharti Hexacom Ltd","BHARTIHEXA","P&F | F.A","-1.39%","1402","2,88,386"
"17","Solar Industries India Limited","SOLARINDS","P&F | F.A","-1.41%","9867.7","30,530"
"76","Ratnamani Metals & Tubes Limited","RATNAMANI","P&F | F.A","-1.41%","3469.75","21,937"
"233","Indusind Bank Limited","INDUSINDBK","P&F | F.A","-1.41%","1002.8","41,02,879"
"21","Coforge (Niit Tech)","COFORGE","P&F | F.A","-1.42%","7959.3","2,26,146"
"38","Sanofi India Limited","SANOFI","P&F | F.A","-1.44%","6090","6,076"
"159","Affle India Ltd","AFFLE","P&F | F.A","-1.45%","1557.25","1,25,898"
"375","Triveni Engineering & Industries Limited","TRIVENI","P&F | F.A","-1.47%","371.95","2,18,941"
"72","Beml Limited","BEML","P&F | F.A","-1.48%","3735","2,07,350"
"285","Westlife Development Ltd","WESTLIFE","P&F | F.A","-1.49%","695.35","57,744"
"329","Granules India Limited","GRANULES","P&F | F.A","-1.49%","525.95","10,83,894"
"225","Just Dial Limited","JUSTDIAL","P&F | F.A","-1.5%","1065.1","1,19,976"
"340","Minda Corporation Limited","MINDACORP","P&F | F.A","-1.5%","486.9","5,94,260"
"438","Gail (india) Limited","GAIL","P&F | F.A","-1.53%","186","96,13,361"
"251","CreditAccess Grameen Ltd","CREDITACC","P&F | F.A","-1.54%","871.05","1,40,388"
"150","Tech Mahindra Limited","TECHM","P&F | F.A","-1.57%","1661","9,40,682"
"242","Tata Technologies Ltd","TATATECH","P&F | F.A","-1.58%","947.1","6,51,005"
"303","Five Star Business Finance Ltd","FIVESTAR","P&F | F.A","-1.59%","637.4","2,86,382"
"136","Cyient Limited","CYIENT","P&F | F.A","-1.6%","1772.8","1,23,551"
"357","Vardhman Textiles Limited","VTL","P&F | F.A","-1.62%","446.75","75,336"
"181","Route Mobile Ltd","ROUTE","P&F | F.A","-1.63%","1391","1,41,342"
"210","Sundram Fasteners Limited","SUNDRMFAST","P&F | F.A","-1.64%","1169","19,338"
"198","Narayana Hrudayalaya Ltd.","NH","P&F | F.A","-1.65%","1255.45","1,51,759"
"336","Varroc Engineering Ltd","VARROC","P&F | F.A","-1.67%","499.5","5,15,709"
"206","Dr. Reddy's Laboratories Limited","DRREDDY","P&F | F.A","-1.68%","1206.05","21,81,578"
"184","KPIT Technologies Ltd","KPITTECH","P&F | F.A","-1.75%","1333.15","5,54,218"
"349","Star Health & Allied Insurance Company Ltd","STARHEALTH","P&F | F.A","-1.78%","466.3","4,81,231"
"342","Sterling & Wilson Renewable Energy Ltd","SWSOLAR","P&F | F.A","-1.79%","481.85","6,42,991"
"61","HDFC Asset Management Company Ltd","HDFCAMC","P&F | F.A","-1.81%","4201.2","4,15,955"
"402","Bharat Petroleum Corporation Limited","BPCL","P&F | F.A","-1.81%","292.8","49,38,690"
"5","3m India Limited","3MINDIA","P&F | F.A","-1.83%","31871.25","4,036"
"20","Apar Industries Limited","APARINDS","P&F | F.A","-1.86%","8793.1","38,767"
"59","Computer Age Management Services Ltd","CAMS","P&F | F.A","-1.88%","4495.65","1,30,382"
"388","Biocon Limited","BIOCON","P&F | F.A","-1.91%","329.4","16,55,113"
"189","Vedant Fashions Ltd","MANYAVAR","P&F | F.A","-1.93%","1295.8","34,700"
"215","Kajaria Ceramics Limited","KAJARIACER","P&F | F.A","-1.93%","1132.4","43,704"
"264","Cello World Ltd","CELLO","P&F | F.A","-1.94%","791.15","54,427"
"135","Vinati Organics Limited","VINATIORGA","P&F | F.A","-1.95%","1799.25","27,548"
"277","Jsw Energy Limited","JSWENERGY","P&F | F.A","-1.97%","717.6","13,67,944"
"2","Page Industries Limited","PAGEIND","P&F | F.A","-1.98%","44480.3","11,038"
"105","Aditya Birla Real Estate Ltd","ABREL","P&F | F.A","-1.98%","2547.95","1,61,001"
"124","Oberoi Realty Limited","OBEROIRLTY","P&F | F.A","-1.98%","1941","8,81,428"
"378","Ntpc Limited","NTPC","P&F | F.A","-2%","365.05","98,70,312"
"115","Radico Khaitan Limited","RADICO","P&F | F.A","-2.02%","2203.65","90,370"
"268","Bikaji Foods International Ltd","BIKAJI","P&F | F.A","-2.02%","770.75","2,63,612"
"122","Kirloskar Brothers Limited","KIRLOSBROS","P&F | F.A","-2.03%","1997.75","1,53,841"
"36","Trent Limited","TRENT","P&F | F.A","-2.04%","6330.85","4,07,782"
"205","Amara Raja Energy & Mobility Ltd","ARE&M","P&F | F.A","-2.04%","1230","3,06,859"
"100","Poly Medicure Limited","POLYMED","P&F | F.A","-2.05%","2645.8","51,991"
"445","FSN E-Commerce Ventures Ltd","NYKAA","P&F | F.A","-2.08%","167.5","30,95,190"
"79","Schaeffler India Ltd","SCHAEFFLER","P&F | F.A","-2.1%","3352","38,197"
"73","Kei Industries Limited","KEI","P&F | F.A","-2.12%","3730.95","1,25,670"
"281","Tanla Solutions Limited","TANLA","P&F | F.A","-2.14%","697.95","2,91,444"
"93","Mphasis Limited","MPHASIS","P&F | F.A","-2.18%","2777.35","4,65,349"
"172","Raymond Limited","RAYMOND","P&F | F.A","-2.18%","1471.95","1,11,568"
"301","Asahi India Glass Limited","ASAHIINDIA","P&F | F.A","-2.22%","650.9","78,194"
"278","Schneider Electric Infrastructure Limited","SCHNEIDER","P&F | F.A","-2.26%","708.2","4,18,397"
"270","Eid Parry India Limited","EIDPARRY","P&F | F.A","-2.27%","763.75","2,08,854"
"22","Info Edge (india) Limited","NAUKRI","P&F | F.A","-2.31%","7589","1,45,243"
"262","KSB Ltd","KSB","P&F | F.A","-2.31%","800","71,795"
"323","Elecon Engineering Company Limited","ELECON","P&F | F.A","-2.34%","545.45","1,45,294"
"415","Piramal Pharma Ltd","PPLPHARMA","P&F | F.A","-2.44%","252.15","56,68,782"
"293","Adani Total Gas Ltd","ATGL","P&F | F.A","-2.46%","667.05","8,92,980"
"328","Balrampur Chini Mills Limited","BALRAMCHIN","P&F | F.A","-2.48%","526","6,29,097"
"405","Iti Limited","ITI","P&F | F.A","-2.48%","284.3","78,80,021"
"42","LTI Mindtree Ltd","LTIM","P&F | F.A","-2.49%","5845.1","1,88,091"
"185","Emcure Pharmaceuticals Ltd","EMCURE","P&F | F.A","-2.49%","1324","50,480"
"250","Pnb Housing Finance Limited","PNBHOUSING","P&F | F.A","-2.53%","881.1","52,38,465"
"53","Thermax Limited","THERMAX","P&F | F.A","-2.57%","4875.3","41,987"
"364","Jyothy Laboratories Limited","JYOTHYLAB","P&F | F.A","-2.58%","416","2,48,543"
"60","Skf India Limited","SKFINDIA","P&F | F.A","-2.59%","4401.65","92,672"
"133","Infosys Limited","INFY","P&F | F.A","-2.63%","1815.5","26,60,175"
"299","Anant Raj Limited","ANANTRAJ","P&F | F.A","-2.67%","656.9","6,06,701"
"62","Pi Industries Limited","PIIND","P&F | F.A","-2.71%","4149.85","2,73,969"
"123","Balaji Amines Limited","BALAMINES","P&F | F.A","-2.72%","1976.4","37,464"
"213","Jubilant Pharmova Ltd","JUBLPHARMA","P&F | F.A","-2.73%","1136.85","1,10,728"
"65","Tata Consultancy Services Limited","TCS","P&F | F.A","-2.75%","4032","24,81,951"
"231","Vijaya Diagnostic Centre Ltd","VIJAYA","P&F | F.A","-2.75%","1009.7","63,680"
"330","Indian Bank","INDIANB","P&F | F.A","-2.76%","522.15","12,21,097"
"31","Linde India Limited","LINDEINDIA","P&F | F.A","-2.77%","6627.85","36,048"
"321","Wipro Limited","WIPRO","P&F | F.A","-2.77%","551","55,08,186"
"326","Adani Power Limited","ADANIPOWER","P&F | F.A","-2.77%","533.9","21,05,928"
"451","D B Realty Limited","DBREALTY","P&F | F.A","-2.89%","155.68","12,94,357"
"196","UTI Asset Management Company Ltd","UTIAMC","P&F | F.A","-2.94%","1273.3","93,035"
"361","Aadhar Housing Finance Ltd","AADHARHFC","P&F | F.A","-3.02%","421.7","2,77,886"
"345","Saregama India Limited","SAREGAMA","P&F | F.A","-3.03%","473.6","3,37,878"
"68","Gujarat Fluorochemicals Ltd","FLUOROCHEM","P&F | F.A","-3.09%","3977","53,498"
"165","Cholamandalam Financial Holdings Ltd","CHOLAHLDNG","P&F | F.A","-3.18%","1523.8","92,814"
"239","Bharat Dynamics Ltd","BDL","P&F | F.A","-3.48%","955.15","5,07,442"
"305","Emami Limited","EMAMILTD","P&F | F.A","-3.55%","620","2,93,970"
"23","Blue Dart Express Limited","BLUEDART","P&F | F.A","-3.61%","7381","16,994"
"223","The Great Eastern Shipping Company Limited","GESHIP","P&F | F.A","-3.65%","1071.5","2,17,443"
"154","Rainbow Childrens Medicare Ltd","RAINBOW","P&F | F.A","-3.81%","1586.95","1,34,240"
"33","Astrazeneca Pharma India Limited","ASTRAZEN","P&F | F.A","-3.98%","6503.6","21,311"
"315","Elgi Equipments Limited","ELGIEQUIP","P&F | F.A","-4.15%","560.55","97,395"
"12","Hitachi Energy India Ltd","POWERINDIA","P&F | F.A","-4.16%","11292.45","72,353"
"44","Bayer Cropscience Limited","BAYERCROP","P&F | F.A","-4.23%","5643.35","21,693"
"394","Go Digit General Insurance Ltd","GODIGIT","P&F | F.A","-4.73%","315","4,65,411"
"83","Eclerx Services Limited","ECLERX","P&F | F.A","-4.91%","3175.65","1,05,679"
"318","Akums Drugs & Pharmaceuticals Ltd","AKUMS","P&F | F.A","-5%","553","4,81,545"
"385","Gujarat State Petronet Limited","GSPL","P&F | F.A","-5.77%","330.95","22,18,200"
"39","Basf India Limited","BASF","P&F | F.A","-6.33%","6050.25","73,492"
"356","Gujarat Gas Limited","GUJGASLTD","P&F | F.A","-6.69%","453.5","32,92,647"
"221","Newgen Software Technologies Ltd","NEWGEN","P&F | F.A","-11.61%","1091.65","6,02,056"
"214","Mahanagar Gas Limited","MGL","P&F | F.A","-13.7%","1132.85","38,26,896"
"386","Indraprastha Gas Limited","IGL","P&F | F.A","-18.67%","330.05","3,91,73,701"
"400","Honasa Consumer Ltd","HONASA","P&F | F.A","-20%","297.25","6,65,590"