stocks,levels
360ONE,"{""271.25"": 11, ""338.25"": 4, ""301.5"": 16, ""337.5"": 10, ""231.0"": 8, ""316.5"": 6, ""415.95"": 21, ""180.0"": 1, ""272.6"": 9, ""259.4"": 4, ""202.5"": 3, ""298.75"": 12, ""226.95"": 10, ""322.25"": 13, ""257.45"": 10, ""230.05"": 10, ""214.2"": 5, ""272.45"": 8, ""240.25"": 11, ""274.95"": 15, ""247.45"": 22, ""330.0"": 7, ""283.15"": 15, ""285.55"": 8, ""339.5"": 7, ""265.35"": 7, ""324.75"": 17, ""266.25"": 9, ""275.25"": 16, ""419.65"": 36, ""369.0"": 12, ""431.25"": 18, ""382.95"": 19, ""446.35"": 28, ""371.5"": 15, ""444.25"": 31, ""402.45"": 23, ""323.75"": 7, ""364.75"": 11, ""426.2"": 13, ""477.05"": 7, ""357.5"": 7, ""308.95"": 13, ""407.5"": 29, ""486.25"": 5, ""426.4"": 14, ""427.5"": 18, ""481.0"": 3, ""478.6"": 5, ""431.65"": 11, ""490.0"": 6, ""425.5"": 21, ""489.95"": 6, ""395.1"": 30, ""444.4"": 33, ""395.8"": 19, ""398.0"": 21, ""545.0"": 7, ""486.55"": 6, ""475.0"": 12, ""570.0"": 2, ""487.55"": 9, ""555.2"": 6, ""501.95"": 9, ""735.0"": 9, ""591.5"": 1, ""788.95"": 6, ""647.0"": 9, ""900.95"": 1, ""716.25"": 4, ""829.9"": 2, ""691.4"": 5, ""1065.0"": 7, ""1215.0"": 5, ""1134.9"": 3, ""1134.8"": 3, ""940.0"": 2, ""1143.65"": 3, ""1318.0"": 1}"
AADHARHFC,"{""315.0"": 2, ""486.95"": 1, ""376.1"": 3, ""516.8"": 1, ""408.0"": 8, ""477.5"": 3, ""393.1"": 6, ""449.95"": 9, ""443.85"": 12}"
AAVAS,"{""1734.0"": 17, ""1431.25"": 12, ""1949.85"": 21, ""2101.0"": 6, ""1799.05"": 24, ""2038.0"": 12, ""849.05"": 1, ""1342.0"": 16, ""940.8"": 1, ""1443.9"": 21, ""1262.0"": 2, ""1565.0"": 24, ""1283.05"": 2, ""1540.0"": 23, ""1385.25"": 21, ""2117.95"": 3, ""1755.55"": 12, ""2380.4"": 6, ""2424.9"": 14, ""2106.6"": 1, ""2674.75"": 7, ""2124.15"": 5, ""2160.0"": 13, ""3074.35"": 2, ""2799.9"": 14, ""2301.55"": 25, ""2928.8"": 8, ""2625.0"": 9, ""2920.0"": 12, ""2261.55"": 23, ""3016.0"": 5, ""2325.3"": 18, ""3340.0"": 1, ""2114.15"": 6, ""2634.95"": 7, ""2026.6"": 9, ""1815.0"": 18, ""2130.0"": 8, ""2411.4"": 14, ""2102.0"": 5, ""2339.35"": 8, ""1850.0"": 27, ""2078.35"": 11, ""2029.9"": 7, ""1698.5"": 40, ""1804.0"": 16, ""2045.95"": 13, ""1589.7"": 25, ""1812.4"": 20, ""1384.65"": 20, ""1335.5"": 10, ""1594.95"": 50, ""1631.0"": 27, ""1550.0"": 30, ""1817.6"": 27, ""1403.15"": 18, ""1416.3"": 16, ""1458.0"": 22, ""1625.0"": 42, ""1370.0"": 29, ""1499.0"": 25, ""1321.0"": 9, ""1307.0"": 3, ""1689.3"": 41, ""1513.4"": 12, ""1460.95"": 24, ""1978.95"": 17, ""1827.45"": 22, ""1603.3"": 26, ""1779.3"": 25, ""1939.95"": 22, ""1633.8"": 31, ""1622.05"": 26, ""1714.7"": 19, ""1645.0"": 25, ""1719.6"": 29, ""1738.0"": 21}"
ABCAPITAL,"{""75.5"": 2, ""79.0"": 12, ""114.6"": 23, ""88.55"": 12, ""115.35"": 31, ""37.35"": 1, ""56.3"": 2, ""41.2"": 1, ""68.45"": 3, ""53.0"": 5, ""77.4"": 5, ""58.05"": 3, ""60.65"": 8, ""59.85"": 7, ""97.9"": 8, ""76.0"": 1, ""94.65"": 4, ""78.85"": 7, ""139.7"": 3, ""112.5"": 46, ""131.4"": 4, ""130.85"": 9, ""128.45"": 7, ""113.4"": 25, ""127.7"": 7, ""123.95"": 17, ""98.0"": 10, ""118.8"": 24, ""106.1"": 23, ""96.35"": 8, ""114.65"": 28, ""99.0"": 11, ""127.5"": 10, ""107.6"": 27, ""139.2"": 5, ""111.8"": 21, ""96.85"": 4, ""124.5"": 18, ""90.05"": 13, ""105.0"": 18, ""85.6"": 8, ""123.3"": 15, ""106.65"": 18, ""108.1"": 25, ""162.45"": 6, ""141.45"": 2, ""157.8"": 7, ""133.05"": 6, ""149.3"": 8, ""137.0"": 5, ""159.35"": 8, ""139.25"": 5, ""175.3"": 33, ""157.45"": 6, ""199.3"": 7, ""181.4"": 18, ""196.95"": 10, ""192.45"": 10, ""173.45"": 19, ""185.25"": 21, ""166.7"": 16, ""182.9"": 20, ""175.4"": 28, ""155.0"": 9, ""160.65"": 10, ""191.8"": 10, ""194.4"": 12, ""165.9"": 18, ""243.7"": 5, ""195.5"": 6, ""246.9"": 1, ""229.4"": 10, ""200.05"": 9, ""212.8"": 8, ""244.0"": 3, ""179.18"": 25, ""202.79"": 15, ""167.25"": 15}"
ABSLAMC,"{""616.15"": 3, ""598.0"": 6, ""499.25"": 16, ""590.0"": 3, ""511.0"": 15, ""483.15"": 8, ""550.0"": 10, ""560.0"": 4, ""375.0"": 14, ""435.25"": 22, ""407.95"": 18, ""477.75"": 11, ""503.0"": 16, ""400.0"": 17, ""471.9"": 24, ""429.25"": 11, ""462.9"": 6, ""410.2"": 24, ""307.0"": 1, ""352.9"": 4, ""366.55"": 5, ""342.65"": 7, ""402.0"": 12, ""362.55"": 6, ""419.05"": 20, ""382.05"": 9, ""460.1"": 23, ""469.0"": 17, ""494.65"": 14, ""511.95"": 15, ""463.75"": 14, ""458.45"": 23, ""536.0"": 14, ""450.25"": 24, ""569.4"": 5, ""512.95"": 9, ""701.9"": 10, ""732.4"": 9, ""617.4"": 3, ""775.0"": 4, ""774.9"": 4, ""667.55"": 4, ""911.85"": 1, ""858.65"": 4}"
AIIL,"{""732.2"": 1, ""920.0"": 2, ""783.3"": 3, ""1180.0"": 2, ""959.4"": 1, ""1830.0"": 12, ""1550.05"": 5, ""1900.0"": 5, ""1541.0"": 1, ""1910.45"": 1}"
ANANDRATHI,"{""654.0"": 52, ""613.8"": 5, ""542.05"": 2, ""601.8"": 4, ""721.35"": 5, ""607.25"": 5, ""689.65"": 10, ""612.0"": 9, ""683.95"": 7, ""627.1"": 13, ""693.85"": 8, ""639.5"": 17, ""675.0"": 11, ""732.0"": 1, ""739.4"": 2, ""697.75"": 7, ""655.75"": 23, ""862.5"": 18, ""752.55"": 7, ""735.55"": 3, ""884.55"": 5, ""900.95"": 1, ""835.75"": 8, ""888.5"": 3, ""851.1"": 13, ""1493.0"": 2, ""1532.1"": 1, ""1351.0"": 3, ""1972.0"": 1, ""1739.9"": 2, ""2712.0"": 2, ""2390.0"": 2, ""4050.0"": 20, ""3424.0"": 2, ""4248.0"": 4, ""3850.0"": 12, ""3541.3"": 3, ""4294.2"": 4, ""3420.3"": 5, ""3466.35"": 2, ""4049.55"": 20, ""3756.0"": 8, ""4382.0"": 3, ""3762.75"": 9, ""4646.0"": 1, ""4250.0"": 4}"
APTUS,"{""278.6"": 15, ""296.0"": 18, ""366.4"": 13, ""296.05"": 17, ""355.0"": 25, ""311.1"": 34, ""375.0"": 12, ""394.9"": 1, ""314.25"": 37, ""393.0"": 2, ""310.0"": 35, ""349.45"": 30, ""281.0"": 15, ""220.1"": 1, ""294.7"": 19, ""258.0"": 10, ""368.0"": 14, ""294.35"": 14, ""293.0"": 15, ""341.95"": 30, ""339.45"": 30, ""271.0"": 17, ""320.0"": 45, ""234.05"": 1, ""283.7"": 14, ""235.05"": 2, ""254.2"": 4, ""280.0"": 28, ""239.7"": 12, ""289.0"": 22, ""285.9"": 14, ""260.15"": 10, ""257.0"": 9, ""304.7"": 28, ""278.1"": 23, ""308.4"": 30, ""343.0"": 26, ""314.05"": 35, ""392.0"": 2, ""343.25"": 28, ""354.0"": 21, ""286.25"": 10, ""355.5"": 26, ""359.45"": 19, ""299.5"": 15, ""401.65"": 1, ""335.5"": 36, ""329.5"": 23}"
ARMANFIN,"{""506.15"": 1, ""585.0"": 15, ""493.6"": 2, ""786.0"": 6, ""707.1"": 12, ""1121.1"": 5, ""305.15"": 1, ""420.75"": 2, ""280.0"": 1, ""564.0"": 11, ""429.0"": 1, ""640.0"": 16, ""490.0"": 5, ""530.0"": 14, ""817.0"": 6, ""745.0"": 10, ""653.5"": 9, ""758.0"": 8, ""572.3"": 12, ""677.7"": 11, ""704.0"": 6, ""520.0"": 6, ""513.9"": 2, ""759.0"": 18, ""795.0"": 4, ""605.6"": 11, ""1026.95"": 2, ""787.3"": 3, ""1105.0"": 3, ""893.05"": 1, ""1098.8"": 6, ""913.0"": 4, ""1060.0"": 3, ""673.7"": 3, ""849.25"": 10, ""709.45"": 8, ""1275.0"": 5, ""901.05"": 6, ""1241.0"": 10, ""957.8"": 5, ""1390.0"": 11, ""1149.5"": 8, ""1520.0"": 10, ""1528.9"": 11, ""1282.6"": 8, ""1705.0"": 6, ""1326.05"": 15, ""1690.0"": 2, ""1190.0"": 6, ""1447.0"": 24, ""1492.95"": 10, ""1404.0"": 21, ""2121.2"": 8, ""2290.0"": 14, ""2085.1"": 10, ""2539.7"": 6, ""2131.85"": 11, ""2400.0"": 7, ""2487.2"": 2, ""2019.15"": 5, ""2680.0"": 1, ""1696.6"": 8, ""2147.1"": 11, ""1970.0"": 9, ""1808.05"": 2, ""2541.7"": 3, ""1604.15"": 7, ""1600.9"": 6, ""1864.4"": 5, ""1174.05"": 5, ""1408.1"": 17, ""1176.0"": 4}"
BAJAJFINSV,"{""785.2"": 3, ""928.45"": 12, ""882.1"": 15, ""896.15"": 26, ""995.0"": 8, ""882.0"": 15, ""416.0"": 1, ""517.5"": 1, ""428.8"": 2, ""398.55"": 1, ""671.0"": 2, ""606.0"": 5, ""670.0"": 3, ""540.0"": 1, ""616.95"": 10, ""551.1"": 1, ""945.0"": 16, ""856.95"": 3, ""827.35"": 5, ""1057.9"": 1, ""960.0"": 21, ""896.0"": 28, ""903.6"": 17, ""1165.1"": 2, ""1492.5"": 11, ""1881.3"": 6, ""1932.5"": 4, ""1713.95"": 37, ""1851.1"": 11, ""1545.0"": 21, ""1862.1"": 13, ""1501.2"": 18, ""1380.0"": 13, ""1748.0"": 23, ""1206.2"": 8, ""1322.0"": 13, ""1072.7"": 1, ""1844.0"": 7, ""1621.0"": 124, ""1817.9"": 15, ""1246.85"": 16, ""1435.0"": 5, ""1215.0"": 5, ""1664.9"": 31, ""1451.0"": 9, ""1676.75"": 37, ""1527.9"": 32, ""1637.05"": 51, ""1559.0"": 45, ""1551.5"": 33, ""1636.6"": 54, ""1530.8"": 24, ""1722.0"": 29, ""1568.7"": 66, ""1725.0"": 35, ""1556.0"": 26, ""1419.05"": 18, ""1622.0"": 57, ""1669.9"": 33, ""1523.25"": 32, ""2029.9"": 1, ""1562.05"": 41, ""1690.5"": 41, ""1551.65"": 33}"
BAJAJHFL,"{""128.26"": 8, ""125.34"": 5, ""147.7"": 2}"
BAJAJHLDNG,"{""3903.95"": 8, ""3250.0"": 9, ""3589.85"": 26, ""3260.0"": 7, ""3950.0"": 6, ""1460.15"": 1, ""2154.95"": 1, ""1845.0"": 1, ""1850.35"": 1, ""3005.0"": 6, ""2545.1"": 3, ""2880.0"": 4, ""2385.1"": 3, ""2212.65"": 4, ""3348.85"": 14, ""2850.2"": 5, ""3757.15"": 11, ""3141.0"": 13, ""3663.0"": 16, ""3677.0"": 19, ""3451.0"": 17, ""5100.0"": 18, ""4654.6"": 6, ""5160.0"": 14, ""4789.6"": 19, ""5660.4"": 6, ""4890.0"": 18, ""5587.0"": 6, ""5000.0"": 25, ""5380.0"": 12, ""4752.05"": 14, ""6598.0"": 14, ""4760.0"": 11, ""5200.0"": 17, ""4294.05"": 6, ""5469.7"": 12, ""5276.95"": 10, ""7378.45"": 12, ""6140.0"": 11, ""6850.0"": 22, ""6301.0"": 14, ""7078.25"": 13, ""5990.65"": 13, ""5998.0"": 14, ""5560.15"": 4, ""6170.0"": 13, ""6535.0"": 6, ""5770.0"": 5, ""7040.0"": 14, ""6279.05"": 6, ""7488.95"": 15, ""7640.0"": 2, ""6900.0"": 21, ""7494.0"": 14, ""6982.05"": 17, ""7450.0"": 17, ""6651.0"": 18, ""6627.9"": 11, ""8373.85"": 15, ""7620.0"": 2, ""8568.0"": 5, ""9348.95"": 6, ""7965.25"": 13, ""7739.5"": 4, ""8495.0"": 8, ""7659.95"": 2, ""9980.0"": 5, ""10075.0"": 3, ""9078.85"": 1, ""11350.0"": 6, ""10004.85"": 4, ""11154.5"": 8, ""10120.05"": 4, ""11545.9"": 4, ""13238.0"": 1, ""10245.1"": 8}"
BAJFINANCE,"{""4280.0"": 4, ""3880.25"": 7, ""4295.75"": 2, ""3950.0"": 10, ""4923.4"": 5, ""1915.65"": 3, ""1783.0"": 1, ""3519.5"": 11, ""3142.85"": 2, ""3749.85"": 2, ""3006.9"": 2, ""3519.0"": 11, ""3101.35"": 2, ""4960.0"": 7, ""5372.5"": 9, ""4666.5"": 7, ""5822.2"": 19, ""5670.0"": 9, ""4362.0"": 6, ""5749.95"": 12, ""6249.0"": 16, ""6342.8"": 16, ""5868.0"": 19, ""6057.0"": 19, ""7999.0"": 6, ""7320.75"": 55, ""8050.0"": 8, ""7220.0"": 52, ""6678.3"": 34, ""7477.0"": 45, ""6492.6"": 20, ""8045.0"": 7, ""6708.1"": 34, ""5912.9"": 19, ""7590.9"": 28, ""5488.0"": 12, ""6169.2"": 17, ""5220.0"": 11, ""7638.0"": 22, ""6861.35"": 39, ""7778.0"": 20, ""7026.8"": 53, ""6931.0"": 42, ""6719.9"": 39, ""5645.0"": 15, ""6527.6"": 17, ""5485.7"": 11, ""6945.0"": 41, ""7999.9"": 6, ""7734.0"": 28, ""6801.0"": 38, ""8192.0"": 1, ""6931.25"": 42, ""7145.25"": 53, ""7830.0"": 20, ""6535.0"": 19, ""6187.8"": 20, ""7350.0"": 58, ""7419.45"": 43, ""6585.0"": 24, ""6375.7"": 14, ""7429.45"": 48, ""6425.0"": 14, ""7824.0"": 20, ""6601.0"": 39, ""6451.0"": 15, ""6792.0"": 34, ""7599.9"": 24}"
BFINVEST,"{""377.0"": 21, ""355.0"": 8, ""308.55"": 34, ""310.5"": 33, ""352.9"": 10, ""308.5"": 26, ""327.0"": 30, ""151.0"": 1, ""268.8"": 21, ""229.15"": 1, ""224.0"": 1, ""348.45"": 7, ""368.5"": 9, ""290.65"": 28, ""348.85"": 11, ""258.3"": 11, ""319.0"": 25, ""259.2"": 8, ""252.95"": 7, ""294.0"": 34, ""327.8"": 27, ""272.1"": 31, ""331.1"": 22, ""268.15"": 26, ""293.9"": 31, ""273.4"": 25, ""330.0"": 34, ""265.1"": 16, ""319.9"": 42, ""265.9"": 7, ""330.95"": 24, ""347.7"": 6, ""422.9"": 4, ""445.0"": 3, ""311.15"": 24, ""398.6"": 10, ""351.0"": 8, ""397.0"": 12, ""320.0"": 42, ""371.4"": 16, ""309.8"": 40, ""349.8"": 13, ""290.7"": 29, ""372.55"": 14, ""311.7"": 27, ""255.8"": 6, ""271.45"": 22, ""342.95"": 11, ""253.05"": 7, ""285.0"": 25, ""235.7"": 6, ""314.1"": 21, ""278.3"": 32, ""333.0"": 23, ""275.0"": 70, ""331.95"": 19, ""303.0"": 26, ""260.0"": 12, ""462.65"": 2, ""303.8"": 24, ""560.0"": 11, ""428.95"": 1, ""374.1"": 12, ""453.95"": 1, ""399.0"": 11, ""368.0"": 12, ""398.95"": 11, ""373.5"": 11, ""567.0"": 10, ""537.5"": 18, ""447.0"": 1, ""578.95"": 10, ""504.05"": 8, ""592.9"": 9, ""500.1"": 7, ""501.35"": 7, ""650.0"": 7, ""493.0"": 3, ""580.9"": 13, ""510.55"": 18, ""614.8"": 12, ""531.3"": 14, ""604.75"": 17, ""500.2"": 7, ""728.0"": 8, ""554.0"": 11, ""574.4"": 17, ""812.8"": 1, ""636.3"": 6, ""829.0"": 1, ""765.0"": 2}"
BSE,"{""169.05"": 20, ""189.3"": 8, ""158.35"": 4, ""196.65"": 7, ""91.65"": 2, ""154.3"": 2, ""124.35"": 3, ""186.25"": 13, ""160.65"": 7, ""160.5"": 8, ""202.65"": 14, ""170.0"": 18, ""155.35"": 3, ""216.45"": 4, ""219.35"": 1, ""192.05"": 7, ""210.35"": 4, ""190.35"": 12, ""178.5"": 12, ""207.3"": 13, ""325.95"": 3, ""285.65"": 1, ""470.0"": 5, ""341.1"": 1, ""425.0"": 3, ""377.45"": 3, ""492.65"": 2, ""420.55"": 8, ""475.2"": 5, ""791.25"": 2, ""601.65"": 10, ""621.9"": 4, ""781.35"": 2, ""619.6"": 9, ""1046.65"": 1, ""869.25"": 6, ""929.0"": 4, ""650.0"": 14, ""797.75"": 2, ""549.0"": 5, ""712.9"": 8, ""624.25"": 12, ""710.0"": 4, ""581.1"": 8, ""621.0"": 4, ""554.05"": 5, ""596.7"": 13, ""521.5"": 8, ""427.05"": 3, ""488.65"": 2, ""406.2"": 6, ""559.95"": 6, ""1438.0"": 3, ""2595.0"": 4, ""2190.0"": 6, ""1980.6"": 1, ""2598.95"": 6, ""2159.85"": 2, ""1941.05"": 1, ""3264.7"": 1, ""2820.0"": 6, ""2425.0"": 8, ""2115.0"": 3, ""4989.8"": 1, ""4969.0"": 1, ""4280.0"": 5, ""5837.95"": 4, ""5023.1"": 1, ""6133.4"": 1}"
CAMS,"{""1260.0"": 2, ""1890.0"": 8, ""1755.0"": 2, ""2023.3"": 3, ""1701.0"": 1, ""1741.5"": 2, ""1771.5"": 5, ""2429.3"": 22, ""2945.0"": 10, ""3740.65"": 7, ""3545.0"": 11, ""2801.0"": 19, ""4067.4"": 5, ""2975.0"": 13, ""2900.0"": 14, ""3250.0"": 6, ""2560.05"": 11, ""2971.5"": 13, ""2230.0"": 46, ""2292.0"": 41, ""2682.75"": 12, ""2037.15"": 8, ""2656.0"": 11, ""2152.0"": 14, ""2500.0"": 38, ""2177.05"": 28, ""2640.0"": 14, ""2390.15"": 20, ""2690.0"": 9, ""2150.0"": 16, ""2340.0"": 16, ""2205.0"": 22, ""2355.0"": 26, ""2010.0"": 4, ""2263.7"": 23, ""2026.2"": 3, ""2265.0"": 26, ""2132.0"": 14, ""2345.0"": 24, ""2545.2"": 9, ""2351.0"": 24, ""2667.9"": 10, ""2639.0"": 16, ""2988.0"": 17, ""2618.05"": 19, ""2660.6"": 11, ""3242.0"": 9, ""2707.1"": 17, ""3030.05"": 15, ""3050.0"": 16, ""4327.75"": 9, ""4910.0"": 4, ""4638.9"": 6, ""4773.75"": 3, ""4050.0"": 8, ""4969.85"": 8, ""4206.0"": 3, ""4420.0"": 16, ""5367.5"": 2, ""5287.85"": 3}"
CANFINHOME,"{""433.7"": 5, ""376.25"": 10, ""424.6"": 6, ""368.0"": 12, ""519.0"": 34, ""253.3"": 1, ""325.8"": 2, ""267.35"": 2, ""407.45"": 9, ""419.9"": 9, ""361.35"": 9, ""459.5"": 9, ""484.35"": 32, ""435.15"": 4, ""488.2"": 18, ""513.95"": 23, ""430.0"": 9, ""529.9"": 24, ""455.25"": 9, ""534.4"": 18, ""467.95"": 12, ""619.9"": 15, ""489.2"": 22, ""606.0"": 18, ""502.45"": 20, ""596.6"": 22, ""501.5"": 21, ""577.9"": 22, ""491.8"": 20, ""722.0"": 19, ""614.3"": 13, ""675.45"": 11, ""518.25"": 34, ""555.95"": 14, ""669.95"": 15, ""520.2"": 31, ""685.0"": 8, ""440.65"": 7, ""406.65"": 9, ""571.2"": 20, ""678.05"": 8, ""452.0"": 10, ""530.95"": 17, ""503.1"": 19, ""569.0"": 17, ""486.4"": 14, ""517.1"": 23, ""606.1"": 19, ""508.55"": 21, ""909.8"": 6, ""700.05"": 8, ""797.0"": 22, ""737.05"": 16, ""782.95"": 25, ""692.05"": 8, ""843.0"": 19, ""734.2"": 16, ""721.05"": 21, ""859.9"": 15, ""701.95"": 6, ""836.0"": 14, ""792.0"": 26, ""716.15"": 10, ""680.0"": 10, ""938.0"": 1, ""766.35"": 25, ""951.75"": 1, ""821.0"": 16, ""897.95"": 8, ""810.5"": 11, ""873.65"": 17}"
CDSL,"{""121.3"": 3, ""126.0"": 3, ""150.9"": 1, ""89.9"": 1, ""119.0"": 3, ""105.6"": 4, ""256.95"": 6, ""210.15"": 1, ""253.0"": 5, ""221.05"": 4, ""283.2"": 2, ""237.5"": 10, ""275.5"": 3, ""238.2"": 8, ""282.75"": 2, ""385.0"": 2, ""458.1"": 1, ""789.5"": 4, ""551.0"": 14, ""719.5"": 7, ""717.5"": 6, ""640.0"": 10, ""812.0"": 6, ""646.85"": 19, ""867.2"": 6, ""722.0"": 10, ""827.0"": 1, ""715.7"": 8, ""640.95"": 9, ""803.15"": 5, ""507.5"": 14, ""648.65"": 8, ""533.4"": 3, ""577.5"": 11, ""725.95"": 12, ""600.0"": 26, ""600.7"": 29, ""638.75"": 8, ""490.0"": 19, ""518.8"": 8, ""440.45"": 1, ""512.5"": 7, ""486.75"": 10, ""507.0"": 15, ""546.75"": 12, ""621.0"": 12, ""590.5"": 13, ""630.5"": 11, ""553.7"": 18, ""715.0"": 9, ""710.0"": 11, ""631.0"": 9, ""993.85"": 4, ""868.5"": 3, ""958.6"": 10, ""858.7"": 6, ""1033.5"": 8, ""893.2"": 7, ""990.0"": 3, ""811.0"": 5, ""1119.5"": 1, ""968.0"": 6, ""917.6"": 15, ""999.6"": 4, ""1269.3"": 4, ""1085.5"": 4, ""1664.4"": 5, ""1348.4"": 4, ""1581.0"": 5, ""1344.6"": 2, ""1640.0"": 3, ""1678.85"": 1, ""1427.0"": 7, ""1989.8"": 1}"
CHOICEIN,"{""74.3"": 2, ""82.9"": 1, ""96.25"": 2, ""103.6"": 2, ""97.8"": 2, ""105.75"": 1, ""128.95"": 17, ""149.7"": 1, ""126.0"": 12, ""116.0"": 4, ""140.5"": 7, ""125.4"": 9, ""137.25"": 9, ""125.5"": 10, ""197.45"": 2, ""166.1"": 6, ""181.75"": 9, ""220.5"": 15, ""193.5"": 7, ""227.8"": 5, ""215.8"": 6, ""214.9"": 2, ""266.05"": 3, ""302.0"": 2, ""243.85"": 3, ""313.65"": 1, ""321.6"": 4, ""451.2"": 5, ""358.1"": 5, ""413.9"": 1, ""443.1"": 4, ""449.5"": 2, ""568.9"": 1}"
CHOLAFIN,"{""269.5"": 2, ""333.55"": 9, ""296.2"": 8, ""318.75"": 10, ""287.05"": 7, ""349.0"": 1, ""117.4"": 1, ""183.7"": 2, ""120.1"": 1, ""224.55"": 3, ""197.5"": 2, ""259.0"": 1, ""215.6"": 2, ""265.0"": 1, ""233.0"": 8, ""394.9"": 1, ""345.15"": 2, ""390.65"": 2, ""514.05"": 14, ""588.1"": 10, ""503.7"": 9, ""600.95"": 7, ""513.0"": 11, ""590.55"": 10, ""502.75"": 7, ""541.9"": 14, ""470.0"": 4, ""472.5"": 2, ""620.75"": 10, ""544.1"": 18, ""554.2"": 16, ""667.4"": 12, ""589.0"": 9, ""469.25"": 4, ""703.9"": 9, ""595.1"": 7, ""685.0"": 16, ""768.0"": 11, ""600.4"": 9, ""717.2"": 16, ""600.0"": 8, ""657.3"": 9, ""612.1"": 9, ""817.75"": 2, ""694.0"": 13, ""767.45"": 14, ""684.15"": 18, ""762.3"": 12, ""658.0"": 12, ""803.1"": 7, ""709.9"": 11, ""1214.6"": 21, ""997.25"": 1, ""1272.9"": 15, ""1085.4"": 13, ""1310.0"": 7, ""1011.2"": 4, ""1236.0"": 14, ""1100.5"": 19, ""1352.6"": 7, ""1197.6"": 14, ""1476.2"": 4, ""1477.0"": 6, ""1302.5"": 6, ""1652.0"": 2, ""1181.15"": 9, ""1364.0"": 10, ""1168.0"": 16, ""1343.15"": 11}"
CHOLAHLDNG,"{""441.3"": 4, ""510.0"": 6, ""569.85"": 19, ""249.4"": 1, ""309.0"": 4, ""222.35"": 1, ""351.0"": 1, ""459.75"": 8, ""371.05"": 4, ""362.9"": 3, ""580.0"": 30, ""506.5"": 6, ""597.5"": 24, ""434.1"": 2, ""619.95"": 36, ""574.4"": 26, ""541.55"": 18, ""592.9"": 30, ""553.65"": 11, ""711.0"": 13, ""601.05"": 31, ""627.7"": 21, ""685.0"": 23, ""620.55"": 35, ""760.0"": 2, ""762.3"": 1, ""670.15"": 33, ""724.95"": 2, ""626.6"": 20, ""635.2"": 36, ""728.85"": 2, ""573.1"": 23, ""673.1"": 15, ""564.05"": 17, ""697.5"": 14, ""585.5"": 27, ""616.6"": 26, ""682.4"": 21, ""618.6"": 23, ""697.0"": 18, ""615.15"": 29, ""572.6"": 23, ""619.45"": 39, ""536.5"": 17, ""604.9"": 25, ""566.55"": 22, ""659.0"": 21, ""511.3"": 4, ""562.15"": 15, ""965.0"": 4, ""996.15"": 5, ""885.1"": 3, ""1296.0"": 3, ""1050.0"": 17, ""961.1"": 2, ""1190.7"": 3, ""989.05"": 2, ""1197.4"": 4, ""1033.65"": 11, ""1164.95"": 7, ""1040.0"": 16, ""1058.0"": 13, ""1649.8"": 7, ""1429.3"": 8, ""2154.95"": 1, ""1470.2"": 6, ""1374.5"": 2, ""1597.5"": 6}"
CREDITACC,"{""602.25"": 11, ""849.0"": 12, ""737.0"": 16, ""882.4"": 16, ""746.0"": 16, ""1000.0"": 42, ""305.2"": 1, ""512.8"": 3, ""357.9"": 2, ""650.25"": 14, ""498.05"": 1, ""749.0"": 26, ""763.55"": 14, ""611.95"": 15, ""839.95"": 6, ""692.6"": 6, ""825.0"": 8, ""665.65"": 16, ""657.05"": 15, ""740.0"": 22, ""542.1"": 1, ""645.0"": 36, ""577.0"": 2, ""808.4"": 13, ""696.6"": 18, ""592.95"": 9, ""710.0"": 32, ""621.0"": 13, ""689.2"": 16, ""494.7"": 3, ""729.65"": 18, ""560.25"": 12, ""786.9"": 6, ""1091.15"": 3, ""847.0"": 10, ""1154.0"": 3, ""875.05"": 14, ""1094.75"": 4, ""946.45"": 15, ""1076.0"": 7, ""960.55"": 24, ""1094.95"": 4, ""1035.0"": 12, ""905.2"": 16, ""1009.0"": 21, ""926.0"": 14, ""845.2"": 5, ""834.1"": 6, ""1022.0"": 17, ""875.5"": 13, ""1042.0"": 5, ""1168.7"": 3, ""1396.9"": 17, ""1502.0"": 8, ""1365.55"": 10, ""1494.95"": 14, ""1275.0"": 11, ""1796.0"": 3, ""1560.0"": 9, ""1790.75"": 2, ""1504.65"": 3, ""1660.0"": 3, ""1277.95"": 10, ""1539.95"": 3, ""1523.4"": 7, ""1551.95"": 7, ""1190.1"": 7, ""1215.15"": 13, ""1349.0"": 4, ""1153.0"": 4, ""1176.6"": 5, ""1295.0"": 10, ""1015.0"": 16, ""858.8"": 12, ""810.0"": 18, ""1085.0"": 6}"
DHANI,"{""78.15"": 3, ""186.9"": 12, ""147.0"": 6, ""223.2"": 4, ""147.25"": 4, ""229.6"": 5, ""92.55"": 3, ""112.35"": 1, ""63.5"": 6, ""135.8"": 2, ""104.85"": 3, ""240.95"": 3, ""182.35"": 12, ""277.2"": 1, ""178.25"": 12, ""246.8"": 1, ""395.95"": 1, ""294.15"": 4, ""378.9"": 2, ""155.1"": 4, ""165.45"": 8, ""167.3"": 10, ""214.8"": 11, ""172.4"": 12, ""242.9"": 3, ""175.0"": 22, ""176.4"": 8, ""232.0"": 5, ""139.2"": 1, ""122.6"": 3, ""160.9"": 7, ""67.05"": 6, ""58.1"": 8, ""74.3"": 4, ""40.0"": 60, ""57.75"": 9, ""29.65"": 2, ""42.6"": 11, ""60.5"": 3, ""34.5"": 9, ""32.35"": 4, ""23.6"": 1, ""42.9"": 13, ""41.5"": 16, ""32.55"": 4, ""29.9"": 1, ""49.1"": 10, ""39.45"": 28, ""49.0"": 7, ""44.65"": 8, ""35.7"": 5, ""42.55"": 17, ""38.0"": 21, ""44.5"": 13, ""38.15"": 22, ""43.0"": 16, ""36.8"": 12, ""45.9"": 14, ""35.1"": 8, ""33.25"": 5, ""56.8"": 5, ""44.4"": 6, ""37.0"": 12, ""62.26"": 5, ""49.2"": 9, ""63.0"": 3, ""48.41"": 8, ""47.05"": 11, ""69.0"": 8, ""101.63"": 4, ""109.88"": 8}"
DOLATALGO,"{""83.8"": 11, ""62.55"": 18, ""61.55"": 12, ""69.3"": 21, ""46.95"": 26, ""63.2"": 17, ""62.5"": 16, ""27.3"": 1, ""45.8"": 14, ""33.8"": 1, ""53.95"": 10, ""55.0"": 16, ""45.85"": 16, ""46.0"": 15, ""64.4"": 17, ""46.25"": 21, ""41.8"": 2, ""50.4"": 11, ""45.75"": 10, ""69.5"": 28, ""54.8"": 10, ""51.35"": 11, ""73.3"": 13, ""60.95"": 9, ""78.8"": 13, ""80.35"": 7, ""61.3"": 10, ""127.9"": 16, ""87.65"": 15, ""95.6"": 5, ""79.7"": 12, ""93.55"": 14, ""82.75"": 8, ""95.55"": 5, ""78.0"": 15, ""100.95"": 11, ""70.95"": 24, ""93.8"": 1, ""82.2"": 7, ""108.75"": 3, ""71.75"": 13, ""60.8"": 10, ""71.45"": 11, ""77.0"": 18, ""66.0"": 29, ""68.7"": 22, ""75.3"": 14, ""63.75"": 15, ""73.4"": 18, ""72.05"": 20, ""56.0"": 19, ""39.25"": 2, ""54.85"": 10, ""51.0"": 16, ""42.15"": 2, ""49.9"": 18, ""43.2"": 5, ""43.4"": 16, ""49.2"": 12, ""53.8"": 14, ""46.5"": 28, ""65.25"": 19, ""71.3"": 17, ""71.9"": 23, ""61.5"": 11, ""74.05"": 17, ""93.4"": 13, ""59.25"": 7, ""169.15"": 3, ""115.75"": 3, ""155.9"": 5, ""118.36"": 4, ""186.5"": 1, ""149.25"": 7, ""123.31"": 3, ""146.95"": 4, ""120.6"": 2, ""141.48"": 8}"
EDELWEISS,"{""90.85"": 1, ""72.9"": 8, ""84.15"": 5, ""68.15"": 10, ""20.35"": 1, ""29.95"": 2, ""22.6"": 1, ""23.1"": 1, ""27.35"": 2, ""56.15"": 8, ""48.45"": 19, ""58.65"": 5, ""37.45"": 18, ""33.7"": 7, ""56.55"": 6, ""44.4"": 19, ""41.3"": 14, ""49.15"": 25, ""41.85"": 37, ""61.95"": 8, ""38.25"": 23, ""68.1"": 13, ""67.5"": 9, ""52.5"": 10, ""51.75"": 7, ""56.85"": 10, ""50.3"": 22, ""57.0"": 5, ""43.45"": 30, ""52.2"": 28, ""45.35"": 16, ""34.0"": 3, ""33.75"": 24, ""44.9"": 20, ""33.35"": 1, ""43.4"": 32, ""49.2"": 24, ""39.3"": 19, ""43.0"": 33, ""37.85"": 25, ""48.55"": 21, ""38.55"": 37, ""52.25"": 15, ""42.85"": 30, ""48.25"": 23, ""35.0"": 6, ""54.05"": 26, ""43.7"": 16, ""59.5"": 9, ""77.05"": 26, ""59.35"": 5, ""87.8"": 1, ""69.4"": 13, ""65.9"": 10, ""81.2"": 6, ""62.35"": 9, ""82.6"": 3, ""71.0"": 13, ""87.65"": 1, ""63.05"": 17, ""59.41"": 8, ""145.53"": 1, ""102.77"": 4, ""100.32"": 2, ""142.45"": 1}"
FEDFINA,"{""153.6"": 1, ""142.45"": 6, ""108.75"": 3, ""129.0"": 12, ""133.5"": 4, ""111.0"": 5, ""131.99"": 6, ""115.63"": 6, ""129.98"": 8, ""116.91"": 17, ""123.86"": 18, ""99.72"": 3, ""93.0"": 4, ""120.0"": 17}"
FIVESTAR,"{""687.7"": 12, ""659.9"": 14, ""624.95"": 3, ""552.0"": 6, ""574.85"": 10, ""496.1"": 2, ""559.95"": 6, ""511.6"": 3, ""570.65"": 5, ""689.0"": 14, ""621.05"": 3, ""876.55"": 2, ""679.6"": 5, ""793.95"": 13, ""689.95"": 8, ""813.7"": 9, ""671.0"": 5, ""787.75"": 16, ""600.05"": 14, ""676.55"": 6, ""790.0"": 18, ""690.55"": 8, ""862.75"": 2, ""839.95"": 3, ""687.05"": 11, ""848.0"": 4, ""943.75"": 1, ""626.0"": 6, ""626.35"": 8, ""820.0"": 3, ""633.0"": 15}"
FUSION,"{""415.8"": 11, ""346.5"": 5, ""370.1"": 3, ""444.4"": 8, ""384.8"": 4, ""375.0"": 6, ""423.35"": 3, ""691.0"": 1, ""555.3"": 9, ""669.0"": 3, ""581.85"": 14, ""622.65"": 9, ""544.0"": 3, ""646.8"": 4, ""553.0"": 11, ""620.0"": 15, ""674.85"": 1, ""440.4"": 12, ""511.0"": 4, ""466.05"": 12, ""541.85"": 5, ""416.2"": 11, ""506.3"": 3, ""450.5"": 6, ""281.2"": 1, ""325.0"": 4, ""233.0"": 2, ""160.68"": 1, ""201.5"": 4, ""167.6"": 1, ""198.7"": 2}"
GICHSGFIN,"{""182.0"": 18, ""145.4"": 16, ""167.7"": 13, ""145.15"": 20, ""179.8"": 20, ""164.75"": 17, ""51.1"": 1, ""81.6"": 1, ""60.05"": 3, ""104.7"": 10, ""87.05"": 4, ""128.9"": 14, ""88.8"": 2, ""112.4"": 10, ""97.05"": 7, ""121.75"": 15, ""101.3"": 13, ""130.75"": 12, ""113.0"": 9, ""147.45"": 23, ""113.4"": 8, ""104.2"": 11, ""133.0"": 19, ""153.95"": 33, ""197.25"": 10, ""202.55"": 11, ""131.5"": 11, ""158.9"": 21, ""142.2"": 19, ""172.0"": 21, ""142.05"": 17, ""159.5"": 15, ""139.0"": 28, ""168.3"": 11, ""141.0"": 22, ""125.1"": 12, ""141.25"": 15, ""130.4"": 14, ""155.75"": 26, ""146.35"": 22, ""119.55"": 14, ""107.5"": 4, ""149.35"": 25, ""123.75"": 7, ""248.0"": 9, ""144.5"": 22, ""170.0"": 17, ""186.5"": 17, ""164.6"": 14, ""176.15"": 16, ""211.85"": 30, ""174.45"": 10, ""225.25"": 16, ""181.0"": 30, ""234.5"": 15, ""292.4"": 1, ""187.15"": 22, ""228.7"": 11, ""229.65"": 8, ""203.05"": 20, ""227.0"": 10, ""190.1"": 8, ""236.68"": 11, ""278.4"": 1, ""226.95"": 9, ""249.85"": 8, ""206.25"": 14, ""277.69"": 1, ""200.1"": 20, ""229.5"": 8, ""216.01"": 28}"
HBSL,"{""7.35"": 2, ""6.4"": 4, ""7.4"": 2, ""6.35"": 3, ""8.35"": 2, ""6.55"": 12, ""5.3"": 12, ""4.75"": 1, ""4.8"": 1, ""5.95"": 4, ""4.95"": 3, ""6.0"": 5, ""6.05"": 3, ""5.05"": 6, ""5.85"": 2, ""7.25"": 3, ""6.2"": 10, ""10.1"": 2, ""7.9"": 1, ""23.75"": 3, ""15.8"": 3, ""15.65"": 1, ""19.95"": 1, ""16.5"": 7, ""24.0"": 4, ""52.1"": 14, ""35.7"": 5, ""43.9"": 3, ""33.75"": 2, ""42.95"": 8, ""33.15"": 1, ""40.95"": 15, ""33.25"": 1, ""75.05"": 13, ""64.3"": 4, ""43.25"": 3, ""57.0"": 18, ""45.35"": 12, ""76.9"": 14, ""52.2"": 20, ""33.1"": 1, ""50.85"": 17, ""43.8"": 12, ""48.0"": 24, ""49.0"": 31, ""63.1"": 1, ""43.6"": 8, ""58.4"": 7, ""54.4"": 18, ""45.95"": 19, ""55.35"": 11, ""44.4"": 2, ""53.0"": 15, ""46.0"": 22, ""61.8"": 2, ""48.5"": 16, ""62.9"": 3, ""53.3"": 16, ""47.35"": 14, ""95.4"": 5, ""68.7"": 2, ""74.5"": 6, ""104.8"": 1, ""78.5"": 7, ""101.1"": 8, ""82.85"": 3, ""119.9"": 1, ""87.5"": 4, ""120.2"": 3, ""186.02"": 1, ""138.99"": 6, ""156.14"": 2, ""125.02"": 4, ""141.0"": 3, ""90.3"": 3, ""135.36"": 3, ""127.55"": 2}"
HDFCAMC,"{""3844.0"": 9, ""2834.0"": 18, ""3282.0"": 7, ""3002.25"": 28, ""2992.5"": 20, ""3446.6"": 6, ""1962.0"": 11, ""2820.0"": 17, ""2100.0"": 15, ""2392.4"": 18, ""2779.45"": 20, ""2402.15"": 19, ""2632.0"": 12, ""2318.05"": 16, ""2529.0"": 27, ""2070.05"": 22, ""2374.7"": 16, ""2225.9"": 15, ""3358.9"": 8, ""2843.45"": 16, ""2855.0"": 26, ""3247.25"": 21, ""2772.75"": 18, ""3050.1"": 19, ""2756.0"": 18, ""2699.65"": 12, ""3134.0"": 15, ""2867.55"": 29, ""3289.0"": 9, ""2810.05"": 12, ""2851.85"": 31, ""3365.0"": 9, ""2875.65"": 17, ""2979.0"": 26, ""2600.1"": 15, ""2280.0"": 10, ""2538.0"": 17, ""2118.0"": 11, ""1987.85"": 11, ""2082.15"": 20, ""2480.0"": 22, ""1690.0"": 5, ""1945.2"": 14, ""1713.1"": 6, ""1840.0"": 16, ""2218.85"": 15, ""1935.5"": 18, ""1821.0"": 19, ""2030.25"": 16, ""2314.65"": 13, ""2061.75"": 14, ""1830.0"": 11, ""1589.5"": 1, ""1728.0"": 3, ""1740.0"": 9, ""1885.55"": 12, ""2589.35"": 12, ""2639.9"": 11, ""2416.05"": 24, ""2755.0"": 15, ""2930.0"": 36, ""2690.6"": 12, ""3560.0"": 2, ""4066.5"": 11, ""3582.35"": 8, ""3858.0"": 9, ""3597.6"": 6, ""3983.85"": 7, ""3528.0"": 4, ""4186.95"": 15, ""3415.55"": 9, ""4296.4"": 15, ""3703.55"": 18, ""4546.2"": 10, ""4541.0"": 10, ""4100.0"": 14, ""4864.0"": 1, ""4126.6"": 12, ""4579.95"": 2}"
HOMEFIRST,"{""501.35"": 3, ""571.0"": 10, ""520.0"": 2, ""440.0"": 1, ""540.1"": 10, ""579.45"": 12, ""523.15"": 7, ""623.3"": 4, ""529.0"": 6, ""541.0"": 9, ""535.3"": 13, ""600.0"": 11, ""921.3"": 15, ""757.5"": 22, ""851.45"": 17, ""620.0"": 1, ""819.6"": 27, ""700.85"": 19, ""677.05"": 8, ""837.3"": 26, ""702.9"": 17, ""1004.55"": 18, ""652.0"": 3, ""776.6"": 18, ""688.05"": 4, ""762.95"": 22, ""808.0"": 20, ""654.6"": 3, ""760.0"": 28, ""686.0"": 11, ""848.2"": 29, ""743.4"": 25, ""890.0"": 17, ""922.0"": 16, ""812.05"": 15, ""879.8"": 18, ""804.25"": 23, ""984.8"": 12, ""975.8"": 11, ""847.35"": 23, ""1058.0"": 10, ""921.15"": 16, ""1061.0"": 12, ""1011.0"": 17, ""811.55"": 16, ""982.95"": 13, ""854.0"": 26, ""920.0"": 17, ""781.0"": 21, ""776.65"": 19, ""1195.0"": 6, ""1142.3"": 7, ""977.15"": 9, ""1058.65"": 14, ""1383.3"": 1, ""1081.8"": 7, ""1254.0"": 1, ""1017.05"": 12, ""1153.4"": 3, ""977.9"": 10, ""983.05"": 13, ""1113.2"": 3}"
HUDCO,"{""45.8"": 12, ""34.9"": 28, ""45.2"": 32, ""18.0"": 1, ""25.7"": 1, ""20.65"": 1, ""38.9"": 14, ""39.55"": 25, ""29.85"": 1, ""34.35"": 54, ""30.5"": 2, ""42.4"": 26, ""35.5"": 44, ""51.2"": 10, ""40.75"": 22, ""54.9"": 7, ""39.5"": 15, ""58.25"": 6, ""39.4"": 6, ""47.2"": 10, ""46.75"": 20, ""45.7"": 18, ""38.55"": 14, ""41.95"": 20, ""37.85"": 23, ""44.1"": 29, ""30.6"": 6, ""32.55"": 8, ""38.8"": 13, ""36.85"": 22, ""32.25"": 10, ""43.05"": 33, ""34.8"": 29, ""58.85"": 7, ""45.3"": 24, ""44.7"": 26, ""42.65"": 30, ""49.8"": 14, ""40.4"": 25, ""62.8"": 3, ""56.9"": 4, ""67.65"": 2, ""95.9"": 2, ""70.5"": 3, ""136.8"": 2, ""226.45"": 5, ""213.8"": 8, ""152.55"": 1, ""300.0"": 5, ""203.3"": 10, ""353.7"": 1, ""271.15"": 2, ""192.11"": 4, ""231.74"": 7, ""198.01"": 11, ""262.7"": 5, ""200.85"": 3}"
IEX,"{""39.4"": 1, ""50.75"": 5, ""45.35"": 2, ""66.65"": 4, ""50.8"": 5, ""67.95"": 4, ""38.65"": 1, ""59.0"": 8, ""46.65"": 19, ""67.3"": 4, ""65.9"": 8, ""56.75"": 3, ""66.95"": 4, ""60.75"": 6, ""73.1"": 9, ""61.05"": 13, ""72.6"": 9, ""62.8"": 14, ""60.35"": 10, ""75.0"": 7, ""66.55"": 4, ""107.65"": 2, ""130.85"": 14, ""107.5"": 2, ""137.9"": 25, ""114.35"": 4, ""151.55"": 10, ""128.35"": 12, ""318.65"": 1, ""213.75"": 10, ""233.95"": 5, ""303.8"": 1, ""235.4"": 8, ""272.0"": 2, ""192.0"": 9, ""251.5"": 4, ""152.5"": 27, ""150.7"": 13, ""175.85"": 16, ""154.5"": 22, ""165.45"": 11, ""138.65"": 29, ""133.85"": 26, ""137.5"": 19, ""152.4"": 28, ""129.25"": 12, ""132.0"": 36, ""132.5"": 16, ""154.6"": 22, ""125.8"": 16, ""157.25"": 12, ""163.75"": 17, ""116.0"": 5, ""119.0"": 13, ""121.85"": 10, ""143.45"": 19, ""128.1"": 20, ""137.1"": 18, ""121.35"": 5, ""160.0"": 19, ""140.65"": 32, ""173.35"": 13, ""134.2"": 29, ""154.4"": 24, ""158.4"": 13, ""130.2"": 9, ""161.35"": 20, ""140.75"": 32, ""134.15"": 29, ""191.2"": 10, ""159.35"": 19, ""200.9"": 9, ""244.4"": 6, ""159.11"": 18, ""192.6"": 5, ""159.81"": 20}"
IFCI,"{""6.1"": 26, ""9.35"": 21, ""7.0"": 19, ""3.1"": 1, ""4.4"": 2, ""3.75"": 2, ""8.15"": 4, ""6.05"": 24, ""8.2"": 5, ""7.8"": 7, ""5.65"": 6, ""6.6"": 21, ""11.5"": 72, ""8.5"": 5, ""8.25"": 6, ""16.0"": 12, ""10.3"": 21, ""10.35"": 11, ""16.4"": 5, ""10.55"": 23, ""15.4"": 7, ""11.65"": 48, ""18.85"": 1, ""10.8"": 13, ""13.3"": 17, ""11.05"": 56, ""13.75"": 15, ""9.0"": 36, ""12.7"": 17, ""9.4"": 17, ""16.65"": 9, ""10.7"": 17, ""13.05"": 15, ""10.95"": 12, ""12.9"": 23, ""11.45"": 23, ""16.05"": 6, ""26.6"": 1, ""20.4"": 1, ""31.25"": 1, ""71.8"": 8, ""35.8"": 1, ""48.9"": 3, ""64.3"": 4, ""49.4"": 2, ""67.35"": 6, ""91.4"": 1, ""68.11"": 4, ""80.83"": 1, ""49.72"": 2, ""69.5"": 7, ""68.4"": 2}"
IIFL,"{""99.0"": 1, ""173.8"": 2, ""117.05"": 4, ""144.55"": 9, ""206.8"": 3, ""65.15"": 5, ""56.5"": 1, ""84.2"": 5, ""63.8"": 2, ""96.05"": 3, ""92.3"": 3, ""73.05"": 6, ""71.7"": 11, ""124.85"": 3, ""97.5"": 2, ""116.55"": 5, ""336.4"": 11, ""279.6"": 20, ""232.55"": 2, ""281.7"": 16, ""230.25"": 2, ""303.75"": 7, ""261.2"": 14, ""313.6"": 9, ""252.75"": 10, ""270.05"": 18, ""364.15"": 6, ""258.45"": 6, ""281.35"": 22, ""349.35"": 13, ""261.7"": 8, ""384.65"": 2, ""274.8"": 13, ""361.7"": 8, ""296.25"": 17, ""353.35"": 10, ""314.3"": 26, ""347.25"": 18, ""377.45"": 3, ""330.5"": 21, ""505.05"": 5, ""419.0"": 19, ""441.2"": 18, ""522.6"": 7, ""396.35"": 10, ""479.8"": 15, ""433.6"": 21, ""474.0"": 16, ""419.75"": 19, ""509.45"": 4, ""607.1"": 13, ""539.85"": 4, ""629.95"": 7, ""554.15"": 7, ""683.25"": 1, ""565.55"": 11, ""626.55"": 5, ""561.45"": 7, ""653.7"": 2, ""536.45"": 2, ""650.8"": 6, ""545.35"": 4, ""608.05"": 8, ""304.3"": 10, ""436.55"": 23, ""366.55"": 4, ""340.8"": 15, ""456.95"": 32, ""535.6"": 2, ""406.05"": 16, ""396.75"": 11, ""560.6"": 8, ""391.25"": 6, ""475.3"": 20, ""403.1"": 8, ""454.4"": 22, ""440.45"": 14}"
INDIASHLTR,"{""725.1"": 27, ""669.0"": 11, ""521.0"": 1, ""631.0"": 11, ""628.55"": 7, ""556.0"": 3, ""561.3"": 4, ""762.0"": 5, ""777.6"": 1, ""700.0"": 15, ""799.0"": 1, ""709.3"": 8, ""630.6"": 12, ""722.0"": 17, ""720.15"": 21}"
INDOSTAR,"{""177.0"": 20, ""224.0"": 6, ""177.05"": 20, ""166.0"": 14, ""297.0"": 15, ""225.05"": 7, ""287.8"": 29, ""240.35"": 24, ""289.0"": 20, ""237.6"": 17, ""331.2"": 8, ""317.0"": 13, ""308.9"": 13, ""275.4"": 31, ""423.8"": 1, ""303.8"": 15, ""308.0"": 14, ""365.0"": 3, ""304.0"": 10, ""382.0"": 3, ""300.0"": 18, ""298.5"": 12, ""416.7"": 1, ""335.55"": 11, ""389.0"": 4, ""282.15"": 32, ""309.4"": 11, ""274.9"": 26, ""301.4"": 12, ""276.0"": 22, ""228.45"": 7, ""296.4"": 19, ""233.0"": 10, ""277.0"": 33, ""201.35"": 4, ""205.5"": 4, ""252.0"": 20, ""140.1"": 16, ""155.0"": 29, ""129.05"": 3, ""117.25"": 2, ""197.4"": 5, ""148.0"": 15, ""174.55"": 18, ""143.5"": 8, ""159.15"": 5, ""134.35"": 5, ""168.45"": 10, ""159.0"": 9, ""144.5"": 9, ""103.15"": 1, ""139.3"": 4, ""112.4"": 1, ""166.7"": 8, ""141.0"": 10, ""159.55"": 10, ""193.0"": 14, ""165.0"": 14, ""184.4"": 14, ""157.5"": 5, ""180.0"": 21, ""180.95"": 14, ""160.0"": 24, ""229.0"": 7, ""172.0"": 35, ""231.6"": 8, ""181.8"": 12, ""280.0"": 44, ""188.0"": 11, ""274.69"": 29, ""263.0"": 32, ""226.31"": 12, ""264.9"": 27, ""207.9"": 11, ""343.0"": 9, ""238.65"": 24, ""295.95"": 19, ""246.45"": 7, ""330.0"": 12, ""299.0"": 8}"
IREDA,"{""123.2"": 2, ""214.8"": 4, ""121.05"": 2, ""183.65"": 5, ""192.2"": 9, ""158.7"": 4, ""200.25"": 14, ""154.0"": 3, ""310.0"": 1, ""265.8"": 4, ""239.9"": 7, ""181.4"": 5, ""227.83"": 7, ""234.29"": 8, ""195.32"": 7}"
IRFC,"{""24.5"": 10, ""26.7"": 4, ""20.8"": 24, ""26.45"": 3, ""24.25"": 11, ""22.55"": 12, ""22.25"": 17, ""26.4"": 2, ""23.25"": 17, ""22.4"": 20, ""24.35"": 10, ""22.5"": 17, ""20.9"": 9, ""23.2"": 22, ""21.35"": 35, ""21.0"": 10, ""19.3"": 1, ""21.65"": 19, ""23.15"": 30, ""37.1"": 1, ""36.5"": 1, ""27.55"": 6, ""25.4"": 12, ""37.4"": 1, ""31.2"": 4, ""31.95"": 3, ""32.35"": 6, ""92.35"": 2, ""80.8"": 2, ""65.75"": 1, ""78.5"": 2, ""104.1"": 2, ""192.8"": 2, ""127.65"": 2, ""116.65"": 2, ""135.3"": 4, ""200.0"": 2, ""151.2"": 16, ""170.01"": 6, ""229.0"": 1, ""164.15"": 7, ""132.8"": 4, ""161.0"": 8, ""137.8"": 9, ""166.9"": 5, ""127.71"": 2}"
JINDALPHOT,"{""11.75"": 10, ""14.6"": 6, ""12.1"": 15, ""11.5"": 5, ""15.9"": 4, ""16.55"": 3, ""7.25"": 1, ""19.0"": 1, ""11.25"": 1, ""17.5"": 2, ""11.7"": 8, ""14.85"": 6, ""14.8"": 7, ""11.6"": 7, ""14.25"": 11, ""11.4"": 2, ""33.8"": 1, ""21.6"": 1, ""39.15"": 1, ""90.4"": 1, ""49.65"": 1, ""50.85"": 1, ""77.9"": 4, ""101.0"": 3, ""78.0"": 5, ""484.85"": 1, ""250.55"": 2, ""428.0"": 4, ""299.8"": 8, ""392.7"": 1, ""244.0"": 1, ""175.2"": 1, ""247.7"": 3, ""195.7"": 3, ""228.0"": 3, ""205.3"": 6, ""398.7"": 2, ""322.5"": 11, ""270.0"": 5, ""384.85"": 9, ""286.5"": 5, ""372.45"": 7, ""265.0"": 8, ""364.9"": 13, ""327.95"": 10, ""394.75"": 6, ""397.0"": 2, ""352.5"": 20, ""318.6"": 11, ""492.0"": 1, ""821.15"": 15, ""610.0"": 12, ""744.7"": 9, ""576.05"": 3, ""653.0"": 8, ""530.05"": 3, ""741.0"": 7, ""538.1"": 4, ""703.8"": 6, ""590.0"": 4, ""611.0"": 13, ""975.0"": 3, ""767.65"": 1, ""976.7"": 3, ""777.0"": 4, ""930.0"": 5, ""819.0"": 10, ""694.5"": 8, ""950.0"": 5, ""1029.75"": 1}"
JIOFIN,"{""266.95"": 2, ""204.25"": 1, ""251.6"": 4, ""269.7"": 3, ""237.1"": 7, ""374.5"": 4, ""351.0"": 17, ""394.7"": 1, ""335.4"": 10, ""307.3"": 6, ""368.3"": 9, ""310.0"": 4, ""363.0"": 7, ""306.0"": 8, ""298.0"": 2, ""347.35"": 17}"
JMFINANCIL,"{""100.5"": 7, ""81.4"": 30, ""98.0"": 14, ""124.7"": 5, ""95.85"": 14, ""60.4"": 5, ""82.85"": 42, ""55.45"": 1, ""69.2"": 18, ""86.0"": 30, ""72.95"": 55, ""86.9"": 29, ""73.0"": 53, ""74.8"": 28, ""86.8"": 23, ""74.45"": 30, ""93.95"": 24, ""75.55"": 27, ""97.5"": 18, ""79.65"": 27, ""81.25"": 28, ""101.7"": 12, ""76.9"": 31, ""76.05"": 34, ""85.35"": 30, ""99.6"": 4, ""88.2"": 17, ""117.7"": 4, ""85.2"": 21, ""94.6"": 18, ""88.05"": 22, ""96.9"": 20, ""64.9"": 21, ""79.45"": 27, ""69.45"": 21, ""60.15"": 7, ""80.0"": 41, ""57.15"": 2, ""57.1"": 3, ""67.0"": 21, ""61.0"": 18, ""68.5"": 26, ""61.5"": 17, ""76.5"": 27, ""66.5"": 17, ""78.3"": 22, ""84.9"": 37, ""67.2"": 19, ""62.55"": 18, ""66.25"": 16, ""57.85"": 3, ""65.65"": 20, ""59.8"": 3, ""76.1"": 34, ""70.8"": 31, ""71.5"": 46, ""72.3"": 41, ""95.9"": 16, ""82.75"": 43, ""93.6"": 19, ""77.35"": 24, ""104.9"": 11, ""114.85"": 6, ""106.5"": 8, ""71.0"": 43, ""84.2"": 29, ""90.35"": 20, ""69.0"": 25, ""89.91"": 28, ""106.06"": 12, ""89.87"": 29, ""168.75"": 1, ""125.35"": 8, ""148.66"": 1}"
JPOLYINVST,"{""10.05"": 1, ""15.5"": 4, ""9.75"": 1, ""8.15"": 2, ""22.4"": 2, ""12.15"": 9, ""19.0"": 2, ""10.45"": 2, ""34.15"": 1, ""32.2"": 8, ""33.7"": 1, ""448.35"": 9, ""255.15"": 5, ""460.3"": 6, ""223.3"": 2, ""333.05"": 1, ""205.1"": 1, ""313.0"": 6, ""248.55"": 6, ""262.3"": 2, ""319.8"": 1, ""479.35"": 11, ""373.15"": 2, ""653.4"": 11, ""407.25"": 4, ""503.0"": 1, ""397.0"": 2, ""498.75"": 3, ""430.0"": 5, ""606.95"": 6, ""510.0"": 4, ""674.95"": 14, ""580.9"": 4, ""450.0"": 7, ""501.0"": 2, ""579.4"": 4, ""489.7"": 6, ""788.45"": 9, ""742.65"": 11, ""690.0"": 14, ""607.7"": 3, ""600.05"": 8, ""631.05"": 6, ""844.4"": 11, ""599.1"": 8, ""700.0"": 16, ""630.0"": 12, ""750.0"": 14, ""650.45"": 15, ""782.75"": 9, ""678.7"": 8, ""969.65"": 3, ""949.0"": 5, ""778.95"": 10, ""914.0"": 7, ""726.7"": 9, ""884.8"": 9, ""706.25"": 10, ""1135.0"": 1, ""891.75"": 5, ""991.85"": 2}"
KFINTECH,"{""290.35"": 8, ""329.1"": 9, ""272.0"": 2, ""345.85"": 3, ""404.0"": 2, ""368.15"": 2, ""484.7"": 7, ""493.25"": 6, ""425.55"": 2, ""563.7"": 2, ""552.25"": 4, ""456.25"": 7, ""731.65"": 2, ""548.7"": 4, ""673.75"": 3, ""592.0"": 3, ""822.0"": 2, ""621.75"": 7, ""699.0"": 7, ""1090.8"": 4, ""1189.0"": 1, ""974.1"": 2, ""1164.15"": 4, ""930.05"": 1, ""1641.35"": 1}"
KICL,"{""1535.6"": 22, ""1744.95"": 27, ""1529.6"": 19, ""1799.95"": 41, ""1563.0"": 22, ""1881.5"": 23, ""1662.0"": 21, ""1850.0"": 45, ""761.25"": 1, ""1154.8"": 1, ""1447.9"": 10, ""1215.0"": 4, ""1350.95"": 13, ""1680.0"": 22, ""1498.8"": 23, ""1231.1"": 9, ""1230.0"": 6, ""1394.0"": 5, ""1439.9"": 12, ""1260.9"": 12, ""1294.05"": 15, ""1671.95"": 23, ""1500.4"": 28, ""1654.0"": 9, ""1501.85"": 23, ""1799.0"": 43, ""1486.45"": 16, ""1797.9"": 44, ""1385.0"": 13, ""1754.1"": 29, ""2157.45"": 7, ""2149.0"": 13, ""1930.55"": 17, ""2430.0"": 2, ""1964.2"": 8, ""2244.0"": 3, ""2016.0"": 9, ""2195.9"": 7, ""1929.2"": 16, ""2075.0"": 21, ""2029.9"": 12, ""1705.8"": 16, ""2025.0"": 21, ""1715.25"": 28, ""1502.4"": 17, ""1895.0"": 22, ""1413.0"": 11, ""1687.9"": 18, ""1402.05"": 10, ""1430.0"": 11, ""1735.0"": 20, ""2150.0"": 12, ""1640.0"": 17, ""1950.0"": 18, ""1765.35"": 36, ""1973.75"": 9, ""1750.0"": 31, ""2278.2"": 2, ""1800.0"": 42, ""2095.0"": 11, ""1723.6"": 21, ""1960.0"": 9, ""1650.05"": 28, ""1838.7"": 21, ""1807.45"": 30, ""1713.05"": 23, ""1920.3"": 18, ""1810.85"": 25, ""1785.05"": 17, ""2550.0"": 4, ""2980.0"": 1, ""2988.0"": 1, ""2464.05"": 4, ""3420.0"": 5, ""3544.5"": 2, ""3080.15"": 3, ""3220.1"": 1, ""4269.95"": 7, ""3480.8"": 3, ""4667.75"": 2, ""3450.0"": 4, ""4685.4"": 2, ""4105.05"": 6, ""4735.6"": 5, ""3750.0"": 5, ""6760.15"": 1, ""5375.25"": 2, ""6299.7"": 16, ""5800.0"": 4, ""6800.0"": 4, ""5505.0"": 4, ""8231.45"": 1, ""6031.65"": 11, ""7644.0"": 2, ""6145.0"": 6}"
LICHSGFIN,"{""345.35"": 14, ""446.0"": 9, ""402.6"": 27, ""474.3"": 9, ""399.75"": 29, ""478.25"": 8, ""176.75"": 1, ""288.35"": 8, ""210.7"": 1, ""287.9"": 7, ""284.0"": 10, ""246.5"": 10, ""246.9"": 7, ""314.8"": 9, ""251.5"": 10, ""309.1"": 9, ""382.5"": 28, ""326.0"": 9, ""455.3"": 17, ""374.9"": 28, ""478.9"": 4, ""388.5"": 29, ""364.2"": 48, ""533.95"": 5, ""356.6"": 21, ""387.1"": 30, ""454.0"": 27, ""385.55"": 40, ""431.8"": 33, ""390.7"": 22, ""331.25"": 11, ""321.15"": 15, ""399.5"": 31, ""312.5"": 11, ""388.15"": 30, ""315.65"": 9, ""376.25"": 36, ""283.25"": 6, ""435.1"": 26, ""375.6"": 36, ""420.5"": 30, ""420.25"": 35, ""340.15"": 11, ""359.55"": 14, ""382.7"": 36, ""422.5"": 33, ""306.6"": 8, ""389.5"": 25, ""354.25"": 23, ""411.9"": 44, ""374.2"": 25, ""436.95"": 19, ""481.0"": 3, ""432.0"": 37, ""544.5"": 3, ""554.45"": 12, ""669.8"": 16, ""671.95"": 14, ""559.45"": 6, ""683.0"": 13, ""610.0"": 10, ""544.8"": 3, ""826.75"": 1, ""626.35"": 16, ""735.55"": 5, ""580.15"": 9, ""657.6"": 15, ""600.35"": 9, ""648.9"": 20, ""531.0"": 7}"
LTF,"{""96.85"": 10, ""114.85"": 6, ""103.6"": 6, ""120.1"": 6, ""100.45"": 12, ""124.65"": 8, ""42.7"": 1, ""64.3"": 5, ""47.25"": 2, ""69.55"": 8, ""54.25"": 7, ""68.4"": 7, ""51.7"": 2, ""75.5"": 25, ""101.2"": 6, ""84.5"": 48, ""113.4"": 4, ""91.5"": 23, ""86.0"": 31, ""84.35"": 22, ""101.1"": 8, ""88.95"": 34, ""76.1"": 20, ""81.25"": 29, ""95.95"": 16, ""80.05"": 34, ""88.65"": 28, ""72.35"": 15, ""83.6"": 17, ""71.5"": 7, ""81.65"": 16, ""70.2"": 9, ""58.5"": 10, ""90.1"": 36, ""92.2"": 30, ""70.3"": 8, ""65.95"": 4, ""72.05"": 15, ""86.5"": 28, ""72.0"": 11, ""96.35"": 13, ""81.4"": 25, ""98.3"": 10, ""83.7"": 16, ""96.5"": 11, ""93.3"": 24, ""78.95"": 21, ""140.2"": 15, ""116.5"": 4, ""134.75"": 9, ""122.25"": 4, ""126.6"": 4, ""146.25"": 10, ""174.95"": 16, ""157.15"": 10, ""179.0"": 12, ""144.6"": 26, ""175.0"": 16, ""156.45"": 14, ""172.15"": 21, ""150.75"": 7, ""194.25"": 2, ""165.0"": 14, ""159.5"": 12, ""163.33"": 8, ""189.45"": 3, ""137.66"": 14, ""134.1"": 4, ""151.95"": 5, ""129.2"": 8}"
M&MFIN,"{""176.45"": 12, ""218.05"": 10, ""187.95"": 16, ""215.55"": 10, ""186.65"": 14, ""185.85"": 15, ""239.6"": 2, ""71.9"": 1, ""110.65"": 2, ""104.8"": 5, ""70.15"": 1, ""153.15"": 7, ""141.4"": 7, ""106.4"": 3, ""130.9"": 9, ""111.85"": 3, ""177.65"": 19, ""151.85"": 18, ""192.4"": 34, ""143.3"": 12, ""218.0"": 8, ""214.4"": 18, ""184.7"": 15, ""143.9"": 9, ""167.6"": 20, ""147.95"": 14, ""158.0"": 14, ""135.1"": 6, ""132.25"": 5, ""170.55"": 17, ""200.05"": 21, ""163.0"": 12, ""134.7"": 5, ""140.25"": 8, ""166.85"": 12, ""121.7"": 10, ""184.8"": 13, ""154.3"": 9, ""183.7"": 10, ""157.7"": 11, ""206.2"": 15, ""178.7"": 20, ""182.5"": 12, ""228.8"": 12, ""169.8"": 22, ""184.9"": 15, ""218.95"": 10, ""192.95"": 23, ""237.1"": 8, ""212.15"": 14, ""240.7"": 5, ""216.6"": 6, ""265.7"": 28, ""209.35"": 12, ""290.15"": 17, ""272.25"": 35, ""340.25"": 5, ""266.4"": 19, ""281.2"": 22, ""307.85"": 8, ""231.05"": 11, ""273.3"": 38, ""256.3"": 17, ""289.7"": 22, ""255.6"": 16, ""260.4"": 17, ""296.6"": 20, ""249.75"": 12, ""302.2"": 14, ""239.9"": 2, ""250.05"": 9, ""310.05"": 6, ""282.3"": 36, ""281.0"": 28, ""310.85"": 5, ""286.0"": 30, ""343.0"": 1, ""259.2"": 10, ""254.3"": 12, ""291.05"": 24, ""262.1"": 14, ""283.8"": 27}"
MANAPPURAM,"{""173.8"": 52, ""150.55"": 19, ""194.8"": 18, ""160.3"": 41, ""181.4"": 24, ""74.25"": 1, ""135.3"": 10, ""187.25"": 10, ""147.2"": 23, ""164.0"": 90, ""170.0"": 38, ""153.0"": 23, ""180.35"": 24, ""154.0"": 31, ""177.75"": 27, ""152.0"": 15, ""185.0"": 25, ""146.75"": 15, ""139.1"": 14, ""156.45"": 35, ""218.0"": 6, ""154.55"": 25, ""160.8"": 30, ""189.25"": 12, ""224.5"": 3, ""162.4"": 33, ""179.45"": 27, ""154.1"": 32, ""173.75"": 54, ""146.6"": 10, ""109.0"": 9, ""124.4"": 9, ""112.55"": 21, ""126.15"": 11, ""86.15"": 3, ""81.5"": 1, ""111.45"": 17, ""98.2"": 6, ""108.4"": 10, ""90.5"": 5, ""126.0"": 14, ""106.8"": 13, ""125.8"": 14, ""101.15"": 7, ""133.95"": 7, ""102.0"": 15, ""156.55"": 32, ""134.15"": 14, ""151.8"": 16, ""125.35"": 7, ""158.25"": 29, ""182.25"": 17, ""163.35"": 39, ""192.5"": 15, ""170.05"": 38, ""199.0"": 9, ""158.3"": 33, ""202.45"": 10, ""207.3"": 10, ""165.05"": 48, ""156.1"": 33, ""230.4"": 1, ""195.36"": 20, ""222.19"": 5, ""138.35"": 16, ""194.69"": 11, ""170.06"": 35}"
MANBA,"{""171.8"": 3, ""133.25"": 1, ""199.8"": 1, ""129.24"": 1, ""165.7"": 1}"
MASFIN,"{""254.8"": 42, ""220.05"": 12, ""309.0"": 23, ""423.35"": 1, ""148.0"": 1, ""221.35"": 7, ""238.45"": 26, ""204.35"": 6, ""242.6"": 17, ""206.65"": 10, ""300.0"": 104, ""255.0"": 44, ""296.65"": 56, ""267.1"": 42, ""370.3"": 3, ""273.85"": 33, ""278.35"": 60, ""307.65"": 25, ""272.65"": 38, ""325.65"": 6, ""253.7"": 39, ""325.05"": 5, ""277.8"": 42, ""302.65"": 49, ""239.15"": 16, ""272.95"": 60, ""265.6"": 28, ""225.85"": 12, ""153.45"": 1, ""242.65"": 22, ""216.35"": 17, ""174.0"": 5, ""171.75"": 8, ""224.95"": 10, ""175.15"": 3, ""160.15"": 1, ""269.6"": 46, ""232.95"": 12, ""312.65"": 11, ""235.65"": 13, ""254.15"": 31, ""291.0"": 38, ""243.35"": 41, ""283.0"": 64, ""226.55"": 17, ""250.1"": 27, ""248.0"": 21, ""246.65"": 30, ""285.85"": 49, ""265.1"": 29, ""311.35"": 12, ""321.35"": 7, ""285.05"": 55, ""316.3"": 6, ""274.0"": 39, ""305.55"": 23, ""277.65"": 46, ""356.0"": 4, ""387.95"": 2, ""269.45"": 37, ""283.35"": 53, ""331.5"": 13, ""277.0"": 62, ""328.0"": 11, ""271.4"": 57, ""305.0"": 33, ""270.1"": 42, ""302.0"": 43, ""275.25"": 64, ""303.5"": 37, ""269.55"": 34, ""240.0"": 27, ""275.95"": 63}"
MCX,"{""1220.0"": 12, ""1090.0"": 5, ""1443.0"": 38, ""1170.0"": 14, ""1398.6"": 23, ""815.0"": 1, ""1163.0"": 9, ""951.1"": 3, ""1368.65"": 25, ""1838.95"": 4, ""1520.0"": 45, ""1859.0"": 2, ""1550.5"": 36, ""1797.7"": 11, ""1478.5"": 34, ""1639.5"": 28, ""1432.3"": 14, ""1664.85"": 30, ""1636.25"": 34, ""1471.3"": 23, ""1480.0"": 38, ""1847.9"": 2, ""1450.0"": 20, ""1575.15"": 39, ""2135.0"": 3, ""1632.2"": 37, ""2021.95"": 2, ""1552.1"": 36, ""1833.95"": 5, ""1498.6"": 33, ""1655.95"": 19, ""1165.0"": 13, ""1493.8"": 42, ""1143.0"": 6, ""1392.0"": 16, ""1152.9"": 7, ""1433.3"": 17, ""1156.0"": 11, ""1697.1"": 20, ""1428.0"": 14, ""1637.05"": 29, ""1344.25"": 19, ""1444.0"": 20, ""1541.8"": 37, ""1285.05"": 30, ""1411.4"": 19, ""1670.9"": 21, ""1721.0"": 21, ""1538.0"": 37, ""1875.65"": 3, ""1702.0"": 32, ""3344.0"": 4, ""3059.25"": 6, ""2958.0"": 1, ""3990.0"": 4, ""3877.85"": 16, ""3075.25"": 3, ""4270.0"": 4, ""2917.85"": 3, ""4043.0"": 6, ""3620.3"": 4, ""6870.0"": 3, ""5820.8"": 8, ""7048.6"": 1, ""5301.3"": 4}"
MFSL,"{""396.8"": 1, ""568.2"": 9, ""468.75"": 3, ""424.2"": 8, ""611.9"": 15, ""276.35"": 1, ""492.75"": 3, ""407.15"": 7, ""594.0"": 10, ""514.9"": 12, ""641.75"": 12, ""632.8"": 16, ""567.3"": 8, ""645.0"": 14, ""566.05"": 7, ""665.0"": 5, ""751.8"": 12, ""659.1"": 11, ""953.7"": 32, ""831.15"": 26, ""909.75"": 26, ""834.0"": 14, ""951.3"": 31, ""1097.55"": 14, ""1148.05"": 7, ""1000.0"": 30, ""1137.0"": 11, ""982.05"": 28, ""944.25"": 29, ""1026.5"": 29, ""910.25"": 27, ""1016.0"": 26, ""881.0"": 18, ""1080.7"": 15, ""700.0"": 16, ""807.8"": 20, ""696.5"": 23, ""832.95"": 14, ""765.0"": 8, ""868.75"": 18, ""885.0"": 28, ""767.5"": 11, ""856.9"": 16, ""665.55"": 4, ""625.2"": 12, ""729.45"": 10, ""656.45"": 8, ""874.4"": 16, ""695.0"": 20, ""604.65"": 10, ""599.1"": 6, ""715.9"": 22, ""668.3"": 6, ""839.0"": 24, ""763.0"": 6, ""961.0"": 26, ""872.95"": 12, ""947.55"": 22, ""862.95"": 19, ""1067.5"": 20, ""921.4"": 17, ""854.25"": 19, ""1005.9"": 23, ""913.05"": 23, ""1092.0"": 15, ""864.0"": 15, ""1132.5"": 16, ""985.05"": 27, ""1212.85"": 3, ""1132.35"": 16, ""1306.45"": 1, ""1093.85"": 15, ""1019.4"": 30}"
MUTHOOTFIN,"{""631.55"": 1, ""718.65"": 1, ""647.5"": 3, ""737.25"": 2, ""660.8"": 4, ""796.4"": 1, ""732.75"": 4, ""954.5"": 9, ""476.8"": 1, ""875.0"": 4, ""1284.0"": 26, ""1064.4"": 22, ""1405.75"": 15, ""1091.0"": 20, ""1000.0"": 16, ""1136.5"": 19, ""1298.0"": 27, ""1108.65"": 20, ""1138.6"": 22, ""1311.05"": 27, ""1090.0"": 16, ""1361.6"": 26, ""1265.0"": 26, ""1121.0"": 27, ""1550.0"": 15, ""1638.85"": 6, ""1402.4"": 11, ""1564.95"": 18, ""1432.0"": 9, ""1612.0"": 3, ""1450.9"": 16, ""1721.95"": 7, ""1390.0"": 9, ""1381.0"": 15, ""1559.95"": 17, ""1291.15"": 33, ""1448.0"": 19, ""1277.0"": 33, ""1384.0"": 8, ""1026.7"": 27, ""960.4"": 10, ""1091.6"": 21, ""1213.95"": 23, ""1009.3"": 8, ""950.2"": 4, ""1074.4"": 17, ""1007.45"": 10, ""1141.0"": 23, ""1158.75"": 21, ""1023.35"": 25, ""911.25"": 5, ""1078.3"": 25, ""1003.25"": 10, ""1143.7"": 22, ""1379.95"": 19, ""1225.0"": 15, ""1339.0"": 28, ""1182.35"": 24, ""1216.0"": 26, ""1507.95"": 19, ""1420.0"": 13, ""1537.35"": 19, ""1445.45"": 22, ""1261.9"": 26, ""1527.0"": 23, ""1753.9"": 6, ""1509.7"": 19, ""1810.95"": 11, ""1579.1"": 7, ""1702.05"": 10, ""1664.6"": 11, ""2078.75"": 3, ""1868.05"": 5, ""2003.0"": 10, ""1756.05"": 8, ""2275.0"": 2}"
MUTHOOTMF,"{""227.45"": 16, ""266.8"": 1, ""196.6"": 1, ""246.2"": 9, ""252.7"": 5, ""204.6"": 5, ""257.98"": 2, ""235.49"": 16, ""212.21"": 4, ""244.5"": 9, ""222.11"": 9, ""239.88"": 21, ""180.41"": 3, ""194.61"": 3}"
NAM-INDIA,"{""386.4"": 9, ""325.0"": 17, ""369.35"": 23, ""330.5"": 27, ""326.5"": 14, ""452.9"": 4, ""207.7"": 3, ""301.95"": 14, ""209.5"": 1, ""225.05"": 7, ""326.7"": 22, ""259.0"": 24, ""297.75"": 16, ""249.0"": 10, ""305.0"": 17, ""286.0"": 19, ""319.1"": 16, ""283.25"": 17, ""343.55"": 21, ""270.0"": 44, ""374.7"": 8, ""314.05"": 23, ""362.35"": 22, ""320.1"": 23, ""385.5"": 9, ""439.35"": 11, ""374.1"": 11, ""476.45"": 2, ""410.4"": 7, ""316.7"": 24, ""375.55"": 17, ""317.95"": 29, ""283.8"": 25, ""357.1"": 18, ""264.5"": 20, ""301.5"": 12, ""326.1"": 18, ""260.5"": 12, ""263.0"": 15, ""252.0"": 18, ""274.4"": 20, ""243.3"": 11, ""254.45"": 7, ""213.05"": 4, ""230.5"": 8, ""196.9"": 1, ""244.1"": 11, ""230.3"": 10, ""326.55"": 19, ""306.05"": 15, ""344.8"": 23, ""318.0"": 28, ""398.0"": 14, ""489.0"": 8, ""432.25"": 5, ""541.4"": 1, ""471.5"": 4, ""542.85"": 2, ""430.0"": 9, ""623.0"": 2, ""554.4"": 3, ""498.05"": 6, ""685.9"": 14, ""579.6"": 12, ""739.45"": 5, ""639.75"": 13, ""625.0"": 4, ""748.6"": 2, ""745.0"": 6, ""660.9"": 13, ""816.25"": 1}"
NORTHARC,"{""226.65"": 2, ""225.35"": 4, ""261.4"": 2}"
NSIL,"{""915.0"": 4, ""670.0"": 10, ""618.0"": 2, ""809.85"": 7, ""420.0"": 1, ""757.5"": 8, ""575.6"": 1, ""705.0"": 9, ""583.6"": 3, ""699.0"": 13, ""591.1"": 5, ""856.8"": 3, ""649.0"": 10, ""829.0"": 4, ""800.0"": 18, ""720.25"": 16, ""986.0"": 8, ""1048.0"": 3, ""916.0"": 3, ""1176.0"": 1, ""947.0"": 4, ""1480.0"": 11, ""1850.0"": 5, ""1527.0"": 14, ""1835.95"": 5, ""1549.95"": 13, ""2166.65"": 10, ""1600.0"": 70, ""1874.75"": 8, ""1799.0"": 15, ""1685.0"": 18, ""1389.1"": 5, ""1724.7"": 21, ""1502.0"": 12, ""1990.65"": 4, ""1475.0"": 13, ""2300.0"": 10, ""1282.0"": 2, ""1230.0"": 3, ""1499.95"": 14, ""1949.0"": 5, ""2780.0"": 2, ""2500.0"": 24, ""2020.0"": 10, ""2001.0"": 8, ""2279.0"": 10, ""2045.5"": 4, ""2413.15"": 14, ""2318.0"": 4, ""1999.1"": 8, ""2248.0"": 16, ""2300.05"": 10, ""2547.85"": 19, ""2731.45"": 1, ""2750.0"": 6, ""2350.5"": 9, ""3450.0"": 19, ""3005.05"": 2, ""3423.15"": 15, ""3040.6"": 2, ""3710.45"": 1, ""3880.0"": 1, ""3030.3"": 1, ""3595.0"": 14, ""3278.0"": 10, ""3800.0"": 2, ""3048.6"": 2, ""4775.0"": 6, ""4135.0"": 2, ""4980.0"": 2, ""4405.85"": 5, ""4557.75"": 7, ""8474.95"": 4, ""9974.0"": 1, ""8948.0"": 1}"
OCCL,"{""968.7"": 24, ""1038.15"": 18, ""941.35"": 16, ""1069.0"": 21, ""926.8"": 19, ""475.35"": 1, ""678.2"": 11, ""845.0"": 25, ""745.75"": 31, ""920.0"": 20, ""770.9"": 46, ""727.0"": 19, ""809.0"": 51, ""733.85"": 21, ""914.0"": 14, ""780.0"": 53, ""891.25"": 27, ""802.1"": 55, ""1020.0"": 27, ""875.95"": 38, ""1050.0"": 23, ""1040.0"": 24, ""834.0"": 32, ""1160.0"": 3, ""975.25"": 31, ""1016.15"": 18, ""1323.9"": 1, ""1021.0"": 20, ""1176.7"": 1, ""1030.25"": 10, ""1003.4"": 20, ""1100.0"": 9, ""1010.0"": 17, ""910.45"": 16, ""1009.95"": 17, ""766.0"": 25, ""772.2"": 36, ""969.0"": 25, ""642.6"": 4, ""720.0"": 23, ""927.0"": 16, ""838.3"": 20, ""994.0"": 18, ""849.15"": 39, ""921.0"": 18, ""750.0"": 37, ""815.0"": 38, ""756.0"": 34, ""649.75"": 7, ""735.0"": 27, ""661.55"": 4, ""687.05"": 6, ""799.9"": 74, ""705.0"": 18, ""827.1"": 23, ""780.2"": 48, ""853.0"": 22, ""874.0"": 36, ""909.0"": 21, ""832.0"": 12, ""720.05"": 24, ""750.1"": 37, ""938.85"": 22, ""730.0"": 21, ""790.0"": 72, ""645.25"": 2, ""799.0"": 73, ""795.0"": 61, ""591.0"": 9, ""824.0"": 26, ""193.15"": 1, ""400.0"": 1, ""250.0"": 6, ""297.0"": 2, ""239.05"": 5, ""284.0"": 5, ""222.05"": 3, ""277.09"": 5}"
OSWALGREEN,"{""8.7"": 8, ""11.7"": 5, ""7.9"": 1, ""16.0"": 7, ""6.2"": 1, ""8.25"": 2, ""10.75"": 14, ""8.85"": 6, ""15.75"": 3, ""9.45"": 8, ""14.45"": 2, ""14.4"": 2, ""10.7"": 7, ""12.4"": 12, ""10.95"": 8, ""18.65"": 3, ""14.0"": 6, ""23.0"": 26, ""15.5"": 1, ""21.25"": 9, ""15.8"": 4, ""19.9"": 9, ""15.9"": 6, ""30.45"": 6, ""35.6"": 11, ""19.6"": 6, ""27.75"": 22, ""25.1"": 21, ""19.5"": 7, ""24.6"": 48, ""20.4"": 12, ""20.6"": 6, ""36.4"": 13, ""26.2"": 24, ""20.05"": 4, ""29.3"": 6, ""21.75"": 15, ""26.95"": 8, ""29.6"": 7, ""27.9"": 6, ""25.0"": 24, ""33.5"": 32, ""24.75"": 12, ""23.6"": 28, ""28.8"": 6, ""16.8"": 12, ""20.15"": 7, ""24.55"": 9, ""30.15"": 5, ""23.1"": 11, ""30.05"": 5, ""23.85"": 24, ""24.65"": 7, ""27.2"": 8, ""34.85"": 16, ""49.4"": 5, ""33.55"": 13, ""38.45"": 3, ""31.65"": 5, ""30.0"": 7, ""40.7"": 4, ""32.5"": 4, ""54.2"": 6, ""46.79"": 5, ""68.9"": 1, ""42.11"": 2, ""56.95"": 4, ""46.69"": 5, ""57.37"": 2, ""53.1"": 3}"
PAISALO,"{""24.45"": 2, ""23.2"": 7, ""20.7"": 11, ""22.45"": 5, ""10.25"": 4, ""7.3"": 3, ""9.0"": 1, ""7.25"": 1, ""10.3"": 3, ""22.9"": 7, ""23.75"": 2, ""17.3"": 1, ""23.0"": 11, ""18.25"": 1, ""22.1"": 9, ""37.65"": 23, ""43.75"": 12, ""44.0"": 9, ""38.0"": 15, ""42.75"": 15, ""28.15"": 4, ""32.5"": 10, ""28.0"": 12, ""35.6"": 20, ""57.15"": 2, ""45.75"": 15, ""53.15"": 7, ""31.5"": 14, ""32.8"": 12, ""41.0"": 23, ""29.15"": 2, ""41.5"": 19, ""35.65"": 24, ""43.9"": 10, ""43.3"": 13, ""41.7"": 9, ""34.1"": 11, ""34.4"": 17, ""42.2"": 16, ""49.0"": 7, ""37.8"": 26, ""44.5"": 16, ""36.85"": 22, ""28.2"": 4, ""24.5"": 4, ""29.6"": 5, ""24.15"": 1, ""29.5"": 8, ""23.85"": 2, ""35.9"": 21, ""33.7"": 13, ""29.8"": 8, ""51.75"": 9, ""56.5"": 2, ""99.6"": 1, ""53.5"": 3, ""86.9"": 2, ""58.25"": 3, ""59.2"": 7, ""82.0"": 3, ""60.2"": 9, ""68.89"": 7, ""55.55"": 4, ""40.25"": 26, ""63.74"": 11}"
PEL,"{""1750.9"": 9, ""1740.6"": 7, ""1492.3"": 8, ""1322.25"": 16, ""1614.25"": 17, ""1238.4"": 15, ""566.9"": 1, ""934.2"": 24, ""752.8"": 1, ""749.5"": 7, ""1125.7"": 11, ""1489.1"": 6, ""1460.15"": 8, ""1101.0"": 7, ""1270.95"": 15, ""1119.1"": 4, ""1381.45"": 12, ""1422.4"": 13, ""1198.55"": 7, ""1541.15"": 18, ""1217.8"": 13, ""1875.6"": 4, ""1501.35"": 6, ""2355.0"": 7, ""2043.35"": 7, ""2669.95"": 4, ""2349.35"": 7, ""2299.1"": 3, ""2816.55"": 1, ""2344.85"": 8, ""2675.05"": 3, ""2218.7"": 3, ""2620.15"": 5, ""2270.1"": 7, ""2569.05"": 9, ""2100.65"": 8, ""1742.75"": 5, ""2223.85"": 6, ""1481.65"": 10, ""1457.45"": 4, ""1946.95"": 5, ""786.15"": 17, ""914.7"": 24, ""785.05"": 30, ""924.3"": 24, ""909.9"": 22, ""630.45"": 1, ""1115.4"": 6, ""947.15"": 23, ""1139.95"": 6, ""1011.75"": 15, ""931.9"": 19, ""885.3"": 17, ""981.65"": 19, ""851.0"": 23, ""846.05"": 20, ""837.2"": 32, ""974.7"": 18, ""806.0"": 19, ""825.0"": 30, ""970.6"": 18, ""736.6"": 6, ""900.0"": 23, ""1064.0"": 25, ""875.1"": 22, ""1143.8"": 4, ""986.05"": 17, ""994.05"": 19, ""1275.0"": 10}"
PFC,"{""95.9"": 32, ""85.75"": 11, ""100.4"": 27, ""83.1"": 15, ""106.7"": 10, ""62.8"": 2, ""78.25"": 7, ""59.3"": 1, ""73.55"": 14, ""63.1"": 2, ""83.15"": 15, ""65.65"": 5, ""66.8"": 12, ""98.7"": 27, ""84.5"": 22, ""99.5"": 29, ""86.75"": 18, ""95.8"": 37, ""112.4"": 13, ""83.3"": 13, ""106.4"": 18, ""96.4"": 25, ""108.55"": 18, ""97.85"": 30, ""123.0"": 5, ""104.8"": 14, ""113.85"": 13, ""92.25"": 16, ""100.65"": 26, ""90.45"": 25, ""102.55"": 25, ""93.0"": 31, ""83.5"": 19, ""99.85"": 20, ""83.4"": 16, ""91.05"": 23, ""77.7"": 5, ""97.95"": 22, ""80.7"": 2, ""118.25"": 3, ""104.4"": 9, ""129.45"": 5, ""106.45"": 17, ""136.5"": 5, ""116.3"": 8, ""124.65"": 6, ""141.95"": 2, ""200.45"": 1, ""225.5"": 4, ""428.75"": 4, ""368.35"": 3, ""379.2"": 7, ""477.8"": 7, ""435.05"": 7, ""351.7"": 1, ""426.9"": 8, ""385.0"": 12, ""485.5"": 12, ""402.95"": 11, ""559.0"": 9, ""395.2"": 15, ""472.6"": 10, ""580.0"": 1, ""471.35"": 11, ""566.4"": 3, ""505.05"": 10, ""426.55"": 10, ""432.8"": 7, ""523.9"": 7}"
PFS,"{""11.6"": 2, ""12.4"": 6, ""14.6"": 14, ""12.6"": 6, ""17.6"": 19, ""6.7"": 1, ""10.6"": 1, ""8.2"": 3, ""8.1"": 6, ""14.9"": 12, ""20.5"": 20, ""16.1"": 26, ""20.75"": 6, ""16.9"": 18, ""24.25"": 1, ""17.75"": 81, ""17.55"": 34, ""20.6"": 30, ""23.85"": 1, ""16.45"": 10, ""18.3"": 24, ""22.3"": 2, ""23.1"": 2, ""15.75"": 22, ""17.1"": 21, ""23.5"": 3, ""18.05"": 34, ""20.2"": 17, ""25.95"": 3, ""17.65"": 26, ""15.0"": 23, ""15.4"": 26, ""14.0"": 35, ""12.25"": 18, ""14.2"": 19, ""16.65"": 14, ""14.75"": 12, ""16.5"": 25, ""12.9"": 12, ""18.25"": 24, ""14.65"": 12, ""18.65"": 23, ""14.85"": 9, ""17.25"": 20, ""22.5"": 1, ""18.6"": 23, ""31.4"": 1, ""27.15"": 1, ""24.7"": 2, ""37.55"": 6, ""31.9"": 1, ""47.9"": 7, ""67.95"": 1, ""32.55"": 3, ""44.4"": 7, ""37.4"": 7, ""45.9"": 5, ""34.3"": 8, ""52.46"": 2, ""61.29"": 4, ""47.11"": 3, ""62.3"": 1, ""40.76"": 9, ""39.0"": 8, ""45.74"": 7, ""45.92"": 5}"
PILANIINVS,"{""1183.3"": 3, ""1321.4"": 6, ""1294.1"": 4, ""651.45"": 1, ""1114.3"": 8, ""857.15"": 7, ""1070.0"": 11, ""1053.55"": 3, ""1142.85"": 16, ""1196.45"": 1, ""1072.85"": 9, ""1514.3"": 2, ""2330.0"": 6, ""1756.65"": 19, ""1765.95"": 25, ""1984.95"": 28, ""1536.0"": 7, ""1763.95"": 24, ""1730.0"": 30, ""1589.95"": 10, ""2176.0"": 4, ""2058.1"": 5, ""1706.55"": 27, ""2050.0"": 7, ""1816.6"": 23, ""2049.0"": 8, ""1825.0"": 34, ""2250.0"": 2, ""1801.5"": 46, ""2000.0"": 88, ""1779.95"": 29, ""1600.0"": 13, ""1933.05"": 31, ""1651.1"": 15, ""1509.0"": 2, ""2126.0"": 4, ""1726.6"": 28, ""1745.0"": 25, ""1949.95"": 36, ""1965.0"": 22, ""1834.0"": 34, ""2008.0"": 33, ""1738.35"": 33, ""1731.2"": 29, ""1732.55"": 33, ""1602.0"": 13, ""1770.1"": 30, ""1851.2"": 37, ""2078.95"": 2, ""1943.0"": 19, ""2348.8"": 9, ""2545.0"": 2, ""2032.35"": 12, ""3321.7"": 5, ""2876.25"": 2, ""3397.0"": 2, ""2900.0"": 4, ""3985.0"": 4, ""3113.0"": 5, ""3285.0"": 6, ""4080.0"": 1, ""4000.0"": 4, ""3380.0"": 1, ""5377.0"": 11, ""5320.0"": 3, ""4668.1"": 3, ""5725.0"": 2, ""5132.55"": 4, ""5750.0"": 4, ""5002.0"": 8, ""8207.45"": 1, ""5762.0"": 2}"
PNBGILTS,"{""26.75"": 2, ""30.4"": 4, ""27.5"": 8, ""33.45"": 4, ""29.9"": 3, ""27.65"": 11, ""29.35"": 4, ""27.0"": 3, ""32.75"": 1, ""20.3"": 1, ""30.25"": 2, ""24.1"": 2, ""39.8"": 16, ""39.75"": 12, ""34.75"": 2, ""49.25"": 5, ""43.25"": 16, ""36.75"": 12, ""46.25"": 9, ""49.3"": 5, ""48.9"": 2, ""42.1"": 8, ""61.6"": 27, ""46.5"": 6, ""55.1"": 1, ""49.15"": 2, ""94.65"": 7, ""92.0"": 2, ""72.0"": 48, ""71.0"": 9, ""62.1"": 31, ""71.5"": 7, ""63.5"": 40, ""71.4"": 5, ""60.5"": 42, ""76.0"": 5, ""61.65"": 25, ""77.4"": 4, ""59.0"": 40, ""67.3"": 30, ""61.0"": 33, ""71.25"": 1, ""57.4"": 5, ""58.3"": 4, ""68.5"": 17, ""59.35"": 18, ""73.9"": 15, ""61.8"": 64, ""59.95"": 24, ""70.95"": 9, ""60.1"": 17, ""69.25"": 13, ""55.6"": 2, ""60.35"": 19, ""56.85"": 4, ""57.55"": 6, ""64.4"": 22, ""60.7"": 18, ""71.65"": 6, ""61.55"": 38, ""104.9"": 9, ""79.6"": 7, ""104.2"": 11, ""93.3"": 2, ""106.5"": 11, ""89.5"": 3, ""128.45"": 1, ""101.25"": 8, ""126.9"": 9, ""99.7"": 5, ""119.6"": 15, ""105.0"": 7, ""118.1"": 10, ""99.35"": 7, ""90.0"": 4, ""149.0"": 1, ""137.38"": 3, ""117.7"": 5, ""135.2"": 4, ""120.41"": 9, ""136.84"": 2, ""129.7"": 9, ""112.4"": 15, ""123.95"": 12, ""110.25"": 13, ""125.25"": 5}"
PNBHOUSING,"{""306.85"": 26, ""492.95"": 4, ""345.4"": 19, ""479.55"": 9, ""332.7"": 13, ""120.65"": 1, ""179.75"": 5, ""136.75"": 5, ""194.15"": 2, ""160.7"": 1, ""315.15"": 21, ""279.95"": 14, ""327.4"": 10, ""294.05"": 7, ""263.0"": 3, ""319.05"": 20, ""269.2"": 10, ""393.4"": 7, ""295.75"": 19, ""289.9"": 12, ""766.1"": 15, ""550.15"": 6, ""649.65"": 8, ""624.25"": 8, ""509.35"": 10, ""559.85"": 16, ""367.0"": 11, ""499.0"": 4, ""442.05"": 11, ""331.4"": 11, ""386.8"": 5, ""313.25"": 24, ""306.45"": 23, ""353.35"": 20, ""257.95"": 2, ""338.75"": 12, ""263.4"": 5, ""302.3"": 14, ""286.6"": 11, ""376.0"": 12, ""381.75"": 4, ""348.1"": 14, ""497.35"": 4, ""419.3"": 8, ""506.75"": 2, ""542.35"": 8, ""383.05"": 8, ""479.45"": 10, ""499.7"": 4, ""455.4"": 15, ""615.0"": 3, ""559.0"": 16, ""699.0"": 4, ""598.1"": 5, ""739.7"": 11, ""784.9"": 25, ""680.0"": 5, ""824.8"": 10, ""651.1"": 14, ""833.0"": 9, ""913.7"": 7, ""758.0"": 11, ""604.0"": 7, ""825.9"": 9, ""714.1"": 9, ""814.0"": 12, ""616.6"": 8, ""903.25"": 6, ""822.5"": 9, ""741.25"": 8, ""1202.2"": 1, ""1034.95"": 1, ""866.35"": 11, ""829.5"": 5, ""976.65"": 5, ""828.1"": 8, ""939.8"": 13, ""935.8"": 8}"
POONAWALLA,"{""55.8"": 2, ""35.75"": 22, ""58.0"": 2, ""70.8"": 1, ""16.25"": 1, ""21.6"": 1, ""12.9"": 1, ""31.3"": 2, ""43.0"": 10, ""31.65"": 1, ""43.3"": 7, ""49.2"": 5, ""48.75"": 1, ""142.15"": 1, ""101.55"": 1, ""123.0"": 3, ""147.95"": 5, ""173.65"": 5, ""142.5"": 1, ""163.0"": 6, ""144.0"": 2, ""185.0"": 4, ""197.85"": 6, ""159.15"": 11, ""140.75"": 1, ""211.85"": 2, ""176.65"": 5, ""226.8"": 8, ""182.45"": 3, ""302.9"": 18, ""216.2"": 6, ""343.8"": 16, ""212.25"": 1, ""268.9"": 6, ""209.15"": 3, ""333.7"": 3, ""281.05"": 12, ""338.0"": 9, ""325.8"": 13, ""304.0"": 11, ""243.0"": 7, ""310.9"": 16, ""310.4"": 21, ""281.15"": 13, ""323.3"": 19, ""274.65"": 13, ""332.1"": 4, ""451.5"": 10, ""367.9"": 7, ""392.3"": 17, ""336.3"": 5, ""519.7"": 1, ""499.85"": 8, ""431.2"": 7, ""489.0"": 10, ""506.5"": 2, ""514.0"": 2, ""450.0"": 7, ""472.4"": 14, ""396.8"": 9, ""401.0"": 12, ""436.95"": 11, ""341.0"": 12, ""414.0"": 7, ""373.6"": 21, ""409.0"": 9, ""270.05"": 7, ""377.0"": 21, ""300.15"": 17, ""336.35"": 5}"
RANEHOLDIN,"{""833.6"": 7, ""932.9"": 8, ""664.7"": 19, ""927.9"": 18, ""705.1"": 17, ""848.95"": 16, ""280.0"": 1, ""428.0"": 9, ""335.0"": 1, ""531.0"": 2, ""410.4"": 16, ""558.0"": 7, ""408.4"": 7, ""474.8"": 4, ""391.05"": 4, ""698.95"": 11, ""712.55"": 8, ""556.65"": 10, ""547.2"": 3, ""651.0"": 38, ""543.0"": 3, ""559.35"": 7, ""730.0"": 12, ""782.75"": 3, ""619.95"": 26, ""583.05"": 13, ""588.0"": 31, ""647.7"": 21, ""568.05"": 7, ""651.9"": 16, ""552.15"": 3, ""674.95"": 16, ""555.1"": 3, ""615.0"": 42, ""565.1"": 7, ""668.0"": 15, ""570.0"": 11, ""651.5"": 18, ""555.95"": 8, ""946.6"": 9, ""774.4"": 10, ""973.0"": 10, ""849.5"": 13, ""977.85"": 8, ""810.0"": 6, ""962.85"": 7, ""849.0"": 16, ""1049.15"": 4, ""825.0"": 13, ""1025.0"": 5, ""873.0"": 16, ""1183.75"": 15, ""895.05"": 14, ""962.1"": 6, ""1249.9"": 22, ""1112.9"": 6, ""1314.5"": 7, ""1335.2"": 11, ""1145.0"": 11, ""1385.3"": 1, ""1320.0"": 14, ""1183.35"": 12, ""1020.1"": 3, ""1499.0"": 5, ""1070.0"": 8, ""1885.0"": 8, ""1811.0"": 12, ""1502.4"": 2, ""2458.7"": 1, ""2066.75"": 6, ""1685.05"": 3, ""1897.9"": 3}"
RECLTD,"{""110.05"": 20, ""95.9"": 34, ""109.45"": 24, ""97.3"": 24, ""117.4"": 25, ""59.05"": 1, ""74.25"": 9, ""78.6"": 10, ""62.75"": 1, ""88.05"": 10, ""73.9"": 7, ""87.4"": 12, ""71.25"": 5, ""68.85"": 9, ""107.65"": 32, ""94.0"": 18, ""98.45"": 18, ""117.75"": 13, ""98.5"": 14, ""116.6"": 23, ""91.6"": 14, ""125.85"": 5, ""105.4"": 31, ""107.45"": 23, ""120.4"": 11, ""104.45"": 28, ""126.65"": 1, ""94.6"": 23, ""93.85"": 15, ""106.15"": 35, ""107.5"": 32, ""87.45"": 13, ""101.85"": 34, ""84.95"": 5, ""91.35"": 11, ""82.25"": 7, ""109.7"": 24, ""91.05"": 10, ""104.65"": 32, ""115.7"": 21, ""108.0"": 29, ""126.25"": 3, ""112.05"": 23, ""110.45"": 22, ""128.45"": 2, ""113.2"": 37, ""140.8"": 3, ""127.4"": 2, ""159.15"": 2, ""259.45"": 3, ""454.75"": 9, ""524.0"": 10, ""424.6"": 7, ""492.1"": 6, ""414.55"": 3, ""482.4"": 8, ""414.8"": 4, ""567.15"": 8, ""607.8"": 6, ""408.3"": 6, ""654.0"": 1, ""650.6"": 1, ""560.05"": 9, ""636.0"": 3, ""509.85"": 11, ""484.1"": 6, ""469.0"": 8, ""573.3"": 8}"
RELIGARE,"{""59.35"": 1, ""39.3"": 5, ""51.9"": 3, ""38.05"": 11, ""46.3"": 7, ""17.15"": 1, ""31.85"": 1, ""21.0"": 2, ""22.5"": 4, ""43.45"": 7, ""33.95"": 4, ""33.55"": 1, ""50.55"": 10, ""40.65"": 4, ""55.2"": 3, ""76.0"": 1, ""74.65"": 2, ""60.45"": 1, ""73.7"": 3, ""102.7"": 5, ""77.55"": 1, ""114.8"": 6, ""82.05"": 1, ""106.2"": 2, ""156.0"": 26, ""122.4"": 8, ""175.8"": 27, ""130.05"": 17, ""194.8"": 2, ""151.4"": 13, ""181.7"": 8, ""119.0"": 14, ""141.3"": 6, ""141.15"": 9, ""113.5"": 5, ""132.9"": 14, ""108.1"": 2, ""141.0"": 9, ""97.65"": 1, ""147.4"": 7, ""114.6"": 7, ""137.0"": 10, ""123.5"": 8, ""175.35"": 18, ""191.0"": 2, ""165.75"": 15, ""192.45"": 2, ""152.3"": 16, ""185.65"": 4, ""144.3"": 6, ""168.65"": 17, ""135.6"": 16, ""176.5"": 26, ""161.75"": 8, ""185.15"": 7, ""162.8"": 16, ""243.65"": 20, ""280.6"": 11, ""210.6"": 8, ""206.5"": 1, ""246.3"": 16, ""245.95"": 18, ""208.4"": 4, ""234.7"": 28, ""210.15"": 7, ""201.6"": 1, ""264.85"": 5, ""228.0"": 19, ""262.55"": 9, ""296.15"": 3, ""297.6"": 4, ""241.1"": 20, ""238.32"": 26, ""320.0"": 1}"
REPCOHOME,"{""273.1"": 6, ""321.4"": 20, ""309.9"": 19, ""286.75"": 16, ""343.2"": 7, ""366.2"": 5, ""104.05"": 2, ""127.85"": 7, ""90.35"": 1, ""140.9"": 3, ""113.4"": 2, ""159.7"": 4, ""130.6"": 6, ""195.75"": 11, ""148.2"": 5, ""220.8"": 8, ""176.0"": 5, ""268.9"": 11, ""218.0"": 7, ""279.0"": 7, ""237.0"": 20, ""378.0"": 8, ""290.0"": 19, ""267.35"": 16, ""361.55"": 7, ""430.0"": 4, ""353.5"": 7, ""394.0"": 17, ""266.7"": 14, ""349.7"": 8, ""329.4"": 23, ""290.8"": 13, ""333.9"": 21, ""262.15"": 12, ""274.1"": 5, ""311.8"": 13, ""246.8"": 12, ""281.55"": 8, ""241.45"": 15, ""279.9"": 10, ""165.5"": 4, ""175.2"": 7, ""133.4"": 8, ""113.35"": 2, ""140.6"": 7, ""167.7"": 3, ""277.6"": 8, ""265.05"": 22, ""201.55"": 8, ""268.0"": 11, ""254.0"": 8, ""203.0"": 9, ""241.2"": 15, ""243.5"": 15, ""168.3"": 5, ""338.7"": 9, ""296.35"": 27, ""417.0"": 11, ""362.05"": 8, ""434.9"": 9, ""351.05"": 5, ""457.5"": 11, ""381.1"": 7, ""375.3"": 10, ""442.1"": 8, ""385.5"": 25, ""491.85"": 7, ""492.9"": 9, ""366.5"": 6, ""543.0"": 9, ""422.1"": 6, ""580.6"": 1, ""449.5"": 9, ""595.0"": 1, ""436.75"": 8, ""522.95"": 9}"
SAMMAANCAP,"{""147.8"": 14, ""233.9"": 5, ""178.7"": 11, ""335.8"": 1, ""299.35"": 1, ""223.0"": 6, ""321.8"": 1, ""72.2"": 1, ""129.15"": 11, ""100.45"": 15, ""234.65"": 8, ""223.55"": 11, ""157.1"": 22, ""205.25"": 24, ""113.85"": 13, ""122.1"": 8, ""154.25"": 21, ""223.65"": 10, ""167.4"": 36, ""190.75"": 18, ""223.75"": 10, ""137.45"": 20, ""279.65"": 8, ""230.4"": 3, ""265.45"": 5, ""193.05"": 21, ""222.75"": 7, ""184.55"": 13, ""235.9"": 5, ""186.35"": 17, ""179.55"": 17, ""248.7"": 8, ""188.55"": 18, ""203.8"": 20, ""116.05"": 10, ""151.15"": 11, ""163.45"": 28, ""94.2"": 5, ""115.1"": 13, ""80.9"": 2, ""79.35"": 1, ""128.1"": 9, ""99.65"": 5, ""121.85"": 9, ""108.2"": 10, ""141.4"": 16, ""114.7"": 10, ""81.85"": 3, ""104.5"": 20, ""96.3"": 8, ""108.55"": 13, ""97.15"": 7, ""118.2"": 8, ""185.15"": 14, ""148.25"": 17, ""180.95"": 13, ""150.0"": 12, ""133.75"": 19, ""209.3"": 16, ""203.2"": 19, ""163.0"": 28, ""171.55"": 27, ""208.9"": 17, ""157.95"": 18, ""186.3"": 19, ""162.65"": 21, ""150.6"": 16, ""131.65"": 9, ""183.3"": 18, ""178.75"": 11, ""152.01"": 9, ""179.3"": 23, ""156.37"": 15, ""174.0"": 27, ""131.13"": 12, ""130.69"": 9, ""170.25"": 28, ""165.24"": 32, ""164.3"": 24}"
SATIN,"{""211.7"": 30, ""244.0"": 17, ""182.35"": 7, ""244.4"": 13, ""61.4"": 3, ""77.85"": 18, ""45.15"": 1, ""103.5"": 8, ""80.0"": 25, ""67.45"": 3, ""82.5"": 28, ""52.5"": 7, ""51.25"": 3, ""69.4"": 8, ""89.3"": 8, ""68.25"": 7, ""112.9"": 11, ""82.9"": 13, ""102.0"": 5, ""78.75"": 23, ""82.25"": 10, ""100.0"": 15, ""84.1"": 25, ""96.0"": 9, ""67.6"": 3, ""83.5"": 12, ""73.5"": 12, ""80.25"": 13, ""61.85"": 4, ""115.3"": 6, ""77.5"": 10, ""81.55"": 7, ""133.9"": 11, ""100.3"": 5, ""120.05"": 7, ""84.9"": 31, ""120.0"": 8, ""102.4"": 3, ""106.9"": 9, ""144.0"": 13, ""110.1"": 7, ""162.75"": 5, ""122.7"": 2, ""173.4"": 8, ""136.0"": 9, ""165.65"": 11, ""166.0"": 10, ""136.85"": 15, ""114.25"": 8, ""176.85"": 5, ""189.9"": 5, ""163.5"": 8, ""193.5"": 6, ""231.9"": 26, ""192.15"": 8, ""254.6"": 9, ""221.85"": 20, ""203.8"": 13, ""274.4"": 4, ""235.9"": 14, ""237.2"": 13, ""283.55"": 2, ""277.9"": 4, ""183.05"": 6, ""274.95"": 5, ""205.45"": 20, ""248.9"": 8, ""207.79"": 21, ""231.98"": 23, ""202.5"": 11, ""223.0"": 16, ""219.0"": 19, ""146.27"": 13, ""170.9"": 4, ""164.8"": 7, ""138.01"": 8}"
SBFC,"{""88.35"": 31, ""80.85"": 11, ""80.2"": 7, ""96.9"": 1, ""85.5"": 31, ""97.8"": 1, ""84.1"": 32, ""83.9"": 36, ""92.25"": 15, ""98.0"": 2, ""72.4"": 1, ""95.5"": 4, ""80.1"": 11, ""77.05"": 2, ""87.75"": 30, ""78.3"": 3, ""89.7"": 23, ""81.11"": 24, ""105.81"": 1, ""77.61"": 2, ""95.4"": 5, ""83.71"": 29}"
SBICARD,"{""501.0"": 3, ""604.9"": 2, ""495.0"": 1, ""798.45"": 34, ""720.9"": 56, ""868.0"": 14, ""774.05"": 31, ""918.75"": 25, ""766.1"": 40, ""863.95"": 21, ""770.15"": 38, ""864.0"": 21, ""799.0"": 44, ""1040.0"": 12, ""1139.0"": 10, ""906.35"": 19, ""883.0"": 31, ""1016.0"": 24, ""1139.5"": 10, ""931.0"": 9, ""923.9"": 17, ""1053.45"": 9, ""1165.0"": 1, ""1007.35"": 15, ""1160.1"": 2, ""1035.05"": 11, ""860.2"": 33, ""941.8"": 18, ""781.2"": 41, ""899.0"": 25, ""712.25"": 41, ""889.7"": 21, ""710.8"": 39, ""797.0"": 32, ""655.7"": 3, ""968.75"": 22, ""1028.65"": 18, ""880.25"": 19, ""982.5"": 21, ""781.25"": 41, ""842.0"": 47, ""765.25"": 44, ""695.55"": 26, ""765.45"": 42, ""732.0"": 46, ""771.65"": 33, ""708.0"": 33, ""933.0"": 14, ""822.0"": 27, ""825.2"": 33, ""892.85"": 16, ""814.5"": 38, ""857.8"": 28, ""811.85"": 40, ""720.8"": 54, ""788.8"": 28, ""699.0"": 37, ""751.6"": 41, ""678.9"": 11, ""765.0"": 43, ""647.95"": 5, ""708.75"": 35, ""750.0"": 55, ""689.0"": 15, ""817.4"": 26, ""659.8"": 3, ""670.05"": 2, ""742.9"": 40, ""663.05"": 4}"
SHRIRAMFIN,"{""231.8"": 26, ""225.85"": 14, ""206.95"": 11, ""236.45"": 20, ""188.15"": 2, ""266.4"": 29, ""85.75"": 1, ""160.4"": 2, ""102.85"": 1, ""153.8"": 2, ""128.9"": 8, ""147.35"": 3, ""127.2"": 4, ""158.6"": 4, ""111.1"": 4, ""218.4"": 17, ""221.6"": 20, ""183.6"": 3, ""263.4"": 18, ""219.5"": 27, ""307.0"": 1, ""247.65"": 21, ""302.0"": 6, ""289.0"": 21, ""254.4"": 25, ""305.9"": 5, ""266.0"": 30, ""294.1"": 14, ""243.2"": 23, ""285.2"": 22, ""254.65"": 27, ""339.3"": 3, ""306.35"": 3, ""231.45"": 10, ""255.35"": 35, ""220.65"": 25, ""260.85"": 21, ""200.4"": 5, ""251.5"": 28, ""209.4"": 19, ""240.0"": 20, ""222.5"": 9, ""301.8"": 6, ""259.65"": 32, ""278.3"": 27, ""229.2"": 16, ""283.9"": 22, ""250.25"": 36, ""273.4"": 34, ""245.5"": 16, ""238.0"": 13, ""262.95"": 24, ""240.45"": 23, ""293.85"": 12, ""261.2"": 23, ""380.2"": 13, ""352.0"": 5, ""394.35"": 11, ""405.95"": 10, ""352.15"": 4, ""410.2"": 8, ""426.0"": 1, ""394.4"": 12, ""499.3"": 10, ""447.05"": 2, ""507.0"": 7, ""450.2"": 1, ""521.15"": 4, ""465.0"": 9, ""531.6"": 5, ""453.0"": 6, ""438.6"": 2, ""611.9"": 7, ""608.8"": 4, ""527.1"": 4, ""730.45"": 1, ""549.1"": 4, ""653.5"": 9, ""568.75"": 9, ""493.35"": 7}"
SPANDANA,"{""1040.05"": 12, ""1397.0"": 1, ""1111.0"": 10, ""1262.0"": 2, ""945.1"": 7, ""988.65"": 12, ""1188.0"": 7, ""484.1"": 6, ""405.0"": 15, ""412.6"": 13, ""592.8"": 34, ""701.85"": 13, ""670.0"": 15, ""572.7"": 19, ""674.35"": 11, ""504.35"": 15, ""624.9"": 32, ""805.0"": 14, ""625.1"": 31, ""830.0"": 13, ""795.0"": 16, ""562.0"": 29, ""638.1"": 22, ""479.8"": 10, ""641.9"": 17, ""551.7"": 34, ""820.0"": 32, ""746.0"": 16, ""605.0"": 28, ""664.4"": 12, ""588.55"": 25, ""671.0"": 13, ""502.1"": 6, ""573.0"": 18, ""392.2"": 5, ""515.0"": 10, ""331.55"": 6, ""459.95"": 10, ""323.0"": 3, ""330.05"": 5, ""483.4"": 8, ""436.75"": 16, ""286.65"": 1, ""453.0"": 6, ""399.05"": 9, ""653.95"": 9, ""515.6"": 10, ""635.0"": 24, ""519.45"": 16, ""643.95"": 11, ""495.35"": 4, ""530.5"": 17, ""525.0"": 12, ""618.0"": 31, ""470.0"": 8, ""695.0"": 14, ""606.8"": 30, ""749.0"": 17, ""658.15"": 10, ""863.9"": 6, ""848.0"": 3, ""739.05"": 24, ""840.0"": 10, ""769.55"": 17, ""1063.3"": 3, ""943.1"": 5, ""1243.2"": 5, ""786.35"": 15, ""914.0"": 6, ""838.0"": 8, ""935.6"": 3, ""678.05"": 5, ""697.15"": 12, ""586.35"": 25, ""362.15"": 8, ""411.55"": 11, ""305.2"": 1, ""519.65"": 15}"
SUMMITSEC,"{""395.0"": 28, ""403.0"": 15, ""492.0"": 2, ""197.2"": 1, ""332.9"": 4, ""271.85"": 2, ""309.95"": 2, ""281.95"": 6, ""311.1"": 2, ""373.0"": 2, ""439.0"": 7, ""375.6"": 3, ""415.5"": 10, ""416.05"": 8, ""376.05"": 4, ""610.0"": 34, ""619.0"": 24, ""555.0"": 16, ""499.95"": 1, ""475.0"": 8, ""649.0"": 23, ""536.5"": 15, ""737.4"": 8, ""861.9"": 2, ""625.0"": 18, ""849.0"": 4, ""687.5"": 11, ""779.85"": 8, ""616.15"": 23, ""684.15"": 12, ""600.05"": 42, ""615.1"": 36, ""874.0"": 1, ""572.1"": 14, ""575.55"": 19, ""765.0"": 5, ""564.0"": 11, ""599.8"": 47, ""514.1"": 6, ""666.0"": 19, ""571.0"": 9, ""749.0"": 8, ""590.5"": 32, ""673.0"": 22, ""589.95"": 37, ""694.0"": 38, ""590.0"": 37, ""563.0"": 12, ""616.9"": 18, ""530.1"": 14, ""727.0"": 6, ""876.0"": 1, ""985.0"": 4, ""885.05"": 2, ""1049.4"": 6, ""920.05"": 8, ""1137.2"": 1, ""1508.0"": 6, ""1152.05"": 1, ""1442.65"": 7, ""1200.1"": 8, ""1455.0"": 3, ""1129.95"": 2, ""1175.2"": 2, ""1562.0"": 1, ""1155.0"": 4, ""1995.0"": 5, ""1776.0"": 1, ""2130.0"": 4, ""2998.0"": 4, ""2462.35"": 5, ""3398.0"": 3, ""3636.0"": 2, ""3023.55"": 2, ""3675.0"": 1}"
SUNDARMFIN,"{""1565.0"": 4, ""1725.0"": 4, ""1716.95"": 3, ""1594.3"": 13, ""1700.5"": 13, ""1625.0"": 29, ""1784.95"": 18, ""982.05"": 1, ""1369.6"": 9, ""1181.3"": 3, ""1469.95"": 7, ""1196.5"": 10, ""1680.0"": 13, ""1270.05"": 13, ""1834.0"": 11, ""1928.65"": 4, ""1748.0"": 6, ""1651.5"": 34, ""2868.0"": 2, ""2305.55"": 33, ""2225.0"": 18, ""2560.0"": 21, ""2708.9"": 5, ""2729.0"": 3, ""2456.6"": 29, ""2698.45"": 10, ""2319.1"": 53, ""2292.55"": 29, ""2548.0"": 24, ""2361.05"": 22, ""2162.2"": 7, ""2493.4"": 21, ""2185.2"": 5, ""1752.6"": 4, ""2168.95"": 10, ""1555.0"": 7, ""1958.0"": 2, ""1673.3"": 15, ""2224.95"": 18, ""1976.25"": 4, ""2530.9"": 23, ""2125.95"": 8, ""2444.4"": 22, ""2172.0"": 7, ""2419.0"": 19, ""2212.6"": 26, ""2375.0"": 19, ""2374.35"": 20, ""2206.0"": 12, ""2405.65"": 18, ""2515.55"": 19, ""2687.0"": 7, ""2493.1"": 21, ""3330.0"": 4, ""2942.7"": 2, ""3420.0"": 4, ""3105.55"": 5, ""3800.0"": 5, ""3447.0"": 2, ""3865.0"": 3, ""3462.0"": 2, ""4297.95"": 11, ""3622.25"": 8, ""4959.0"": 5, ""4387.7"": 8, ""4998.0"": 8, ""4048.0"": 4, ""4936.95"": 6, ""4843.5"": 12, ""3732.9"": 2, ""5166.0"": 5, ""5535.85"": 1, ""3925.05"": 7, ""4905.15"": 14, ""4066.8"": 8}"
SUNDARMHLD,"{""58.2"": 5, ""66.55"": 7, ""54.3"": 6, ""72.5"": 31, ""31.15"": 1, ""44.4"": 9, ""37.35"": 2, ""49.75"": 14, ""51.0"": 6, ""58.4"": 10, ""47.1"": 2, ""56.0"": 6, ""45.9"": 4, ""57.6"": 7, ""77.75"": 28, ""71.65"": 17, ""61.15"": 4, ""81.35"": 19, ""73.7"": 20, ""84.7"": 11, ""67.55"": 16, ""81.7"": 23, ""70.5"": 21, ""94.7"": 15, ""75.85"": 22, ""82.65"": 16, ""73.5"": 20, ""94.25"": 4, ""76.35"": 20, ""74.2"": 22, ""91.65"": 10, ""77.55"": 26, ""67.1"": 17, ""67.9"": 17, ""84.5"": 26, ""65.8"": 11, ""63.0"": 9, ""77.25"": 13, ""107.3"": 1, ""87.3"": 13, ""100.65"": 6, ""84.9"": 26, ""105.0"": 2, ""85.25"": 14, ""82.0"": 20, ""90.0"": 16, ""88.0"": 13, ""74.0"": 27, ""87.0"": 15, ""100.25"": 11, ""134.0"": 1, ""132.9"": 3, ""112.8"": 1, ""174.4"": 2, ""142.6"": 2, ""164.0"": 4, ""234.0"": 4, ""172.75"": 7, ""282.4"": 8, ""216.0"": 5, ""300.0"": 11, ""230.85"": 1, ""255.0"": 2, ""295.75"": 11, ""256.0"": 4, ""308.4"": 5, ""433.0"": 1, ""306.8"": 5, ""381.9"": 4, ""292.7"": 5, ""335.0"": 8}"
TATAINVEST,"{""873.85"": 8, ""808.55"": 21, ""782.35"": 1, ""1024.9"": 17, ""591.0"": 1, ""824.8"": 13, ""658.45"": 2, ""725.0"": 7, ""780.0"": 13, ""927.6"": 6, ""910.0"": 6, ""830.0"": 27, ""1100.0"": 10, ""930.0"": 6, ""1134.0"": 14, ""1138.0"": 7, ""1012.1"": 7, ""1044.0"": 13, ""1163.85"": 10, ""992.35"": 8, ""980.0"": 2, ""1109.0"": 10, ""1048.0"": 9, ""1194.6"": 2, ""1118.0"": 8, ""1385.0"": 8, ""1179.0"": 4, ""1232.0"": 5, ""1733.9"": 1, ""1461.0"": 24, ""1635.8"": 2, ""1371.2"": 10, ""1317.0"": 3, ""1564.0"": 6, ""1399.25"": 13, ""1262.55"": 6, ""1300.0"": 9, ""1527.45"": 9, ""1538.6"": 12, ""1357.95"": 15, ""1588.95"": 7, ""1215.95"": 1, ""1539.0"": 11, ""2883.4"": 2, ""2277.0"": 9, ""2533.0"": 5, ""1921.05"": 2, ""2355.0"": 21, ""2060.0"": 8, ""2275.0"": 6, ""1965.0"": 5, ""1730.0"": 1, ""2243.25"": 14, ""2121.05"": 7, ""2494.0"": 4, ""2280.0"": 5, ""2598.95"": 2, ""2401.0"": 12, ""3521.0"": 1, ""2885.0"": 2, ""4736.6"": 1, ""4430.0"": 4, ""4020.05"": 1, ""6100.0"": 11, ""9756.85"": 1, ""5415.0"": 1, ""7589.45"": 2, ""6150.0"": 10, ""5900.0"": 6, ""7038.15"": 13, ""5850.1"": 3, ""8074.25"": 1, ""7545.0"": 3, ""6351.5"": 7, ""7140.0"": 8, ""6485.0"": 9, ""7411.0"": 4}"
TFCILTD,"{""86.8"": 8, ""90.45"": 2, ""76.35"": 34, ""83.7"": 12, ""59.0"": 23, ""67.0"": 22, ""84.5"": 16, ""30.3"": 2, ""42.5"": 5, ""28.75"": 1, ""44.65"": 1, ""43.05"": 5, ""34.05"": 16, ""44.4"": 3, ""33.25"": 1, ""32.9"": 1, ""37.9"": 7, ""52.8"": 6, ""42.15"": 5, ""58.7"": 11, ""48.0"": 7, ""75.6"": 24, ""56.0"": 19, ""51.6"": 7, ""82.6"": 14, ""73.0"": 28, ""83.35"": 8, ""57.9"": 15, ""76.55"": 18, ""65.35"": 12, ""71.05"": 30, ""55.1"": 12, ""65.5"": 11, ""54.0"": 10, ""76.4"": 23, ""51.3"": 3, ""62.5"": 16, ""71.6"": 27, ""52.5"": 7, ""45.0"": 2, ""61.4"": 8, ""54.75"": 11, ""64.8"": 8, ""76.7"": 19, ""60.05"": 18, ""90.3"": 2, ""93.75"": 2, ""74.75"": 24, ""95.15"": 5, ""67.35"": 19, ""74.7"": 27, ""67.2"": 12, ""79.9"": 17, ""70.4"": 30, ""117.4"": 1, ""95.85"": 4, ""93.45"": 2, ""108.7"": 6, ""90.85"": 2, ""119.65"": 1, ""106.95"": 5, ""143.0"": 5, ""124.25"": 1, ""267.55"": 1, ""156.4"": 6, ""163.2"": 9, ""190.5"": 3, ""150.0"": 7, ""219.55"": 1, ""196.0"": 3, ""166.45"": 5, ""130.7"": 2, ""141.12"": 6, ""186.4"": 7, ""155.1"": 7}"
TVSHLTD,"{""1192.85"": 6, ""953.35"": 6, ""1231.2"": 6, ""1054.25"": 5, ""1176.65"": 6, ""1080.0"": 12, ""1268.35"": 3, ""545.5"": 1, ""699.25"": 1, ""990.1"": 1, ""830.05"": 2, ""822.25"": 2, ""1031.9"": 3, ""916.9"": 19, ""839.1"": 5, ""849.25"": 5, ""1498.9"": 1, ""2109.3"": 14, ""1806.25"": 3, ""1528.45"": 1, ""1945.8"": 28, ""2146.5"": 21, ""1798.2"": 2, ""2295.0"": 8, ""2027.7"": 24, ""1824.1"": 8, ""1788.5"": 2, ""2752.75"": 5, ""2010.05"": 20, ""2141.4"": 14, ""1998.55"": 25, ""2524.3"": 29, ""2089.8"": 20, ""1919.15"": 10, ""1930.5"": 26, ""2173.5"": 10, ""1890.0"": 23, ""2172.95"": 10, ""2023.9"": 24, ""2411.2"": 12, ""2638.45"": 10, ""2793.4"": 14, ""2355.05"": 4, ""2359.15"": 8, ""3132.0"": 1, ""2604.7"": 12, ""2450.85"": 5, ""2795.55"": 11, ""2629.8"": 7, ""1998.65"": 25, ""2317.65"": 7, ""2696.75"": 8, ""5825.0"": 2, ""5799.0"": 2, ""5162.65"": 3, ""8912.0"": 5, ""8497.9"": 2, ""7800.05"": 2, ""9545.0"": 10, ""7924.0"": 3, ""8488.0"": 7, ""8098.0"": 6, ""12655.3"": 8, ""10176.55"": 3, ""14605.8"": 3, ""12282.8"": 3, ""14349.95"": 6, ""14990.0"": 1, ""15137.45"": 1, ""14530.0"": 5, ""11046.1"": 5, ""12255.9"": 4, ""9201.1"": 6}"
UGROCAP,"{""202.0"": 14, ""215.0"": 12, ""218.6"": 8, ""230.35"": 7, ""164.2"": 5, ""191.0"": 8, ""160.6"": 8, ""119.95"": 7, ""159.0"": 15, ""132.3"": 4, ""160.5"": 7, ""191.9"": 12, ""212.0"": 7, ""168.8"": 9, ""197.3"": 10, ""131.25"": 4, ""170.0"": 21, ""140.0"": 4, ""174.0"": 22, ""146.75"": 8, ""160.0"": 16, ""144.3"": 4, ""248.0"": 7, ""242.8"": 19, ""215.2"": 16, ""319.15"": 1, ""268.1"": 23, ""313.0"": 3, ""242.3"": 18, ""279.65"": 23, ""295.0"": 14, ""265.25"": 15, ""294.4"": 8, ""245.25"": 16, ""213.0"": 8, ""317.0"": 2, ""251.95"": 12, ""300.0"": 24, ""240.95"": 21, ""231.05"": 14, ""271.0"": 23, ""270.0"": 26, ""224.5"": 10, ""259.79"": 25, ""254.9"": 12}"
UTIAMC,"{""436.1"": 1, ""532.8"": 9, ""548.8"": 3, ""577.0"": 2, ""500.55"": 6, ""555.6"": 5, ""491.0"": 3, ""730.0"": 27, ""872.45"": 21, ""772.1"": 30, ""1169.2"": 5, ""979.95"": 14, ""958.1"": 13, ""1118.85"": 6, ""1108.0"": 7, ""910.6"": 8, ""1062.35"": 12, ""673.5"": 12, ""978.95"": 14, ""548.0"": 6, ""572.6"": 4, ""847.7"": 21, ""644.0"": 19, ""755.9"": 25, ""609.05"": 17, ""861.0"": 19, ""594.75"": 10, ""648.8"": 19, ""561.0"": 4, ""677.5"": 10, ""591.75"": 8, ""707.0"": 13, ""630.65"": 15, ""813.0"": 23, ""684.2"": 8, ""777.9"": 21, ""782.0"": 25, ""694.0"": 11, ""870.9"": 19, ""880.0"": 20, ""778.1"": 21, ""918.0"": 13, ""913.95"": 10, ""755.0"": 25, ""958.0"": 13, ""844.0"": 16, ""849.95"": 21, ""1021.0"": 20, ""940.6"": 9, ""1080.9"": 4, ""1341.0"": 10, ""1140.0"": 4, ""1400.0"": 12, ""1403.65"": 1}"
VLSFINANCE,"{""60.0"": 4, ""57.4"": 5, ""49.2"": 3, ""49.1"": 6, ""63.45"": 1, ""62.45"": 2, ""25.2"": 1, ""42.9"": 5, ""32.7"": 1, ""48.25"": 1, ""66.4"": 2, ""50.4"": 11, ""63.7"": 3, ""50.8"": 8, ""73.75"": 1, ""60.05"": 3, ""92.6"": 1, ""100.9"": 4, ""72.2"": 2, ""71.1"": 4, ""89.8"": 6, ""77.7"": 1, ""145.3"": 14, ""264.9"": 10, ""181.55"": 12, ""188.5"": 14, ""209.3"": 12, ""177.3"": 13, ""225.75"": 3, ""183.8"": 11, ""218.5"": 2, ""180.3"": 9, ""233.95"": 6, ""186.0"": 17, ""214.0"": 16, ""152.05"": 14, ""156.6"": 14, ""197.6"": 32, ""140.1"": 24, ""168.85"": 21, ""130.2"": 8, ""155.0"": 13, ""140.7"": 12, ""164.65"": 14, ""158.0"": 13, ""128.9"": 5, ""151.8"": 15, ""143.9"": 22, ""120.5"": 1, ""190.9"": 16, ""150.7"": 9, ""182.0"": 13, ""140.55"": 9, ""180.7"": 7, ""149.0"": 14, ""180.45"": 10, ""232.4"": 4, ""191.95"": 20, ""177.0"": 7, ""195.0"": 24, ""322.2"": 2, ""228.9"": 2, ""273.1"": 5, ""278.9"": 4, ""300.05"": 11, ""234.0"": 6, ""337.15"": 3, ""290.5"": 5, ""431.45"": 1, ""454.85"": 1, ""430.0"": 3, ""362.85"": 4, ""363.85"": 10}"
